"County","ARIMA","HW","Time_Period"
"Albany",4.81861228266449e-05,-0.200222491522716,1
"Albany",6.03347872464074e-05,-0.284010449829943,2
"Albany",-0.0629960059513107,-0.19172025633568,3
"Albany",0.186567405322096,-0.423125811563442,4
"Albany",-0.0347140508778852,0.334682064735741,5
"Albany",-0.0345393540366143,0.686748596354605,6
"Albany",-0.0347269249590897,-0.0872349511776749,7
"Albany",0.116996683179729,0.75337786313258,8
"Albany",1.16675038176007,1.27918090267168,9
"Albany",1.30582445449685,2.76401982295751,10
"Albany",1.24157134940163,5.44653114104453,11
"Albany",6.42351695916666,8.30413450417606,12
"Albany",8.02596299081058,8.86331873968009,13
"Albany",11.0942369639119,10.0457823799191,14
"Albany",28.6626270770187,17.7656530545292,15
"Albany",25.1015915239858,7.61368953812703,16
"Albany",27.8316569308218,8.93760472206873,17
"Albany",27.639686418215,4.04901045862427,18
"Albany",32.0349389541361,8.64693756323322,19
"Albany",30.0790707927634,5.52280042523081,20
"Albany",26.8234995143371,6.61422046738323,21
"Albany",17.6564959709855,9.34466450615479,22
"Albany",7.11263228824196,6.4307254382225,23
"Albany",8.58957034592863,6.19607411599089,24
"Albany",5.74773097742739,7.10683657075722,25
"Albany",6.86446347103906,0.210012960959753,26
"Albany",6.20131779181848,-2.84032990348368,27
"Albany",5.54709086665015,-5.01469374722195,28
"Albany",2.57690273403644,-4.33121277747198,29
"Albany",4.59000845217719,-0.955270630949827,30
"Albany",3.73729490528006,-1.57307489613058,31
"Albany",1.96366622202599,-0.120121584340713,32
"Albany",0.724204984333347,0.149862513076438,33
"Albany",4.77224308763624e-05,1.61750470125025,34
"Albany",4.77215233938844e-05,2.35283555255044,35
"Albany",4.77254544661512e-05,2.48365055548839,36
"Albany",4.77248891660063e-05,2.47021875415292,37
"Albany",4.77298125207355e-05,2.40224653026307,38
"Albany",4.77264074788122e-05,2.28793480874812,39
"Albany",4.77303171114323e-05,2.13888857497285,40
"Albany",4.77131154915525e-05,1.96606662437013,41
"Albany",4.77094122353639e-05,1.79213068234952,42
"Albany",4.76824141465895e-05,1.64459070973588,43
"Albany",4.76801954409014e-05,1.55207303886205,44
"Albany",4.76424210334783e-05,1.47996734570678,45
"Albany",4.77142716299339e-05,1.38065978149292,46
"Albany",4.77467738966658e-05,1.28192979479586,47
"Albany",4.78742174955853e-05,1.10940251523397,48
"Albany",4.79766465327758e-05,0.900364288304987,49
"Albany",4.83285017031343e-05,0.75161645234241,50
"Albany",4.80876196825165e-05,0.616714246413778,51
"Albany",5.57720488586152e-05,0.530201485528903,52
"Albany",5.65692999503007e-05,0.329978994006186,53
"Albany",5.80490917401606e-05,0.246191035698959,54
"Albany",5.79998715852678e-05,0.338481229193223,55
"Albany",5.85779582408581e-05,0.107075673965461,56
"Albany",5.74969569584529e-05,0.864883550264644,57
"Albany",5.74255981830878e-05,1.21695008188351,58
"Albany",5.69845621564765e-05,0.442966534351227,59
"Albany",5.6994687292104e-05,1.28357934866148,60
"Albany",5.67915124288812e-05,1.80938238820058,61
"Allegany",0.727712737910469,-0.183406503904594,1
"Allegany",1.08807768558632,-0.220458993382554,2
"Allegany",1.37888033018625,-0.327200288576551,3
"Allegany",1.57524064317677,-0.422094243480854,4
"Allegany",1.71736183257851,-0.513948964629067,5
"Allegany",2.06255774365804,-0.14320098089984,6
"Allegany",1.88696844241784,-0.788791858843442,7
"Allegany",1.95806134692347,-0.618377836986351,8
"Allegany",2.21284020530365,-0.20741853552048,9
"Allegany",2.00327036062736,-0.392414765099256,10
"Allegany",2.25392466944685,0.250466765883171,11
"Allegany",2.51501954038529,0.505523505792167,12
"Allegany",2.45391298573039,0.425717583589736,13
"Allegany",2.96959928657042,1.45107961830105,14
"Allegany",2.54977696558556,1.66053514613826,15
"Allegany",3.15824575265001,3.6497486529681,16
"Allegany",9.63438292303176,19.6262626341772,17
"Allegany",5.39221217953002,7.52648112261053,18
"Allegany",5.46355147256067,9.1892567811597,19
"Allegany",3.10551544330211,12.1643720116527,20
"Allegany",7.71964285032824,16.1477937744115,21
"Allegany",3.44328270774564,-1.2852891330933,22
"Allegany",3.0716481826271,-2.6070554036222,23
"Allegany",3.97900690357452,4.45354817429071,24
"Allegany",1.73972563737583,3.43797056497723,25
"Allegany",4.62155335936629,3.83708013416003,26
"Allegany",3.65996954349319,2.42984311319031,27
"Allegany",3.525503276361,2.39537289625934,28
"Allegany",3.17586454839569,-1.19718129516345,29
"Allegany",2.36879255158752,-1.86626941587273,30
"Allegany",2.00639549461011,-2.64630286282864,31
"Allegany",2.30154373702227,-1.83302154224517,32
"Allegany",2.22828939658357,-1.16645399098381,33
"Allegany",2.05795422861221,-1.47435255367218,34
"Allegany",2.05795863330433,-1.03145758183294,35
"Allegany",2.05796175314084,-0.665173118940181,36
"Allegany",2.05796396506824,-0.353690811959166,37
"Allegany",2.05796553634143,-0.0815508484728316,38
"Allegany",2.05796665680653,0.161444106435518,39
"Allegany",2.05796746184219,0.3812425245398,40
"Allegany",2.05796804871646,0.581162764408021,41
"Allegany",2.0579684883374,0.763191760855078,42
"Allegany",2.05796883382245,0.928307337088175,43
"Allegany",2.05796912690827,1.07617052297905,44
"Allegany",2.05796940303035,1.20342083155941,45
"Allegany",2.05796969545338,1.303008220566,46
"Allegany",2.05797003991678,1.37079084544,47
"Allegany",2.05797047637568,1.40518517255761,48
"Allegany",2.05797106431389,1.40633392267424,49
"Allegany",2.05797184739027,1.37841520637757,50
"Allegany",2.05797303130808,1.32664737419462,51
"Allegany",2.05797430832901,1.26360752381704,52
"Allegany",2.2356987034578,1.11662337742385,53
"Allegany",2.3229696121958,1.07957088794588,54
"Allegany",2.39434077770887,0.972829592751888,55
"Allegany",2.44250742221014,0.877935637847585,56
"Allegany",2.47711607760706,0.786080916699371,57
"Allegany",2.48716951233195,1.1568289004286,58
"Allegany",2.51880156550983,0.511238022484996,59
"Allegany",2.52978661189985,0.681652044342088,60
"Allegany",2.52564263123561,1.09261134580796,61
"Bronx",8.78212761400102e-200,6.26752901115788,1
"Bronx",1.32164065593555e-199,0.573519560777299,2
"Bronx",1.5455366254483e-199,9.90835626424288,3
"Bronx",1.65858635863338e-199,8.3489621984777,4
"Bronx",1.71566752092956e-199,6.77033736348173,5
"Bronx",1.7444889873522e-199,17.2109432977165,6
"Bronx",1.75904154538249e-199,30.6707800011821,7
"Bronx",1.76638943469942e-199,41.1113859354169,8
"Bronx",1.77009953688911e-199,53.5519918696517,9
"Bronx",1.77197284467373e-199,120.992597803887,10
"Bronx",1.77291871674854e-199,177.433203738121,11
"Bronx",1.77339630723807e-199,193.873809672356,12
"Bronx",1.77363745261256e-199,215.314415606591,13
"Bronx",1.77375921192919e-199,157.755021540826,14
"Bronx",1.77382069074137e-199,174.195627475061,15
"Bronx",1.77385173267272e-199,102.636233409295,16
"Bronx",1.77386740638968e-199,91.0768393435302,17
"Bronx",1.77387532037547e-199,79.517445277765,18
"Bronx",1.77387931631155e-199,91.9580512119998,19
"Bronx",1.77388133394281e-199,75.3986571462344,20
"Bronx",1.77388235268681e-199,63.8392630804695,21
"Bronx",1.77388286707185e-199,55.2798690147043,22
"Bronx",1.77388312679556e-199,30.7204749489391,23
"Bronx",1.77388325793546e-199,30.1610808831739,24
"Bronx",1.77388332415073e-199,26.6016868174087,25
"Bronx",1.77388335758419e-199,26.9172927516435,26
"Bronx",1.77388337446545e-199,24.5598217628014,27
"Bronx",1.77388338298914e-199,25.2119661585747,28
"Bronx",1.77388338729293e-199,32.0468028620402,29
"Bronx",1.77388338946601e-199,28.362408796275,30
"Bronx",1.77388339056324e-199,29.533783961279,31
"Bronx",1.77388339111725e-199,35.9936206647446,32
"Bronx",1.77388339139698e-199,32.924611214364,33
"Bronx",1.77388339153823e-199,34.4421402255219,34
"Bronx",1.77388339160954e-199,35.5269769289875,35
"Bronx",1.77388339164555e-199,35.5733520939916,36
"Bronx",1.77388339166373e-199,34.3697272589956,37
"Bronx",1.77388339167292e-199,32.4545639624612,38
"Bronx",1.77388339167755e-199,30.1836314351575,39
"Bronx",1.77388339167989e-199,27.9992373693923,40
"Bronx",1.77388339168107e-199,25.9302279190117,41
"Bronx",1.77388339168167e-199,24.3804492378619,42
"Bronx",1.77388339168197e-199,23.6095167105583,43
"Bronx",1.77388339168212e-199,22.9443534140239,44
"Bronx",1.7738833916822e-199,22.269574732874,45
"Bronx",1.77388339168224e-199,21.5851806671089,46
"Bronx",1.77388339168226e-199,21.0257866013437,47
"Bronx",1.77388339168227e-199,20.6010079201939,48
"Bronx",1.77388339168227e-199,20.5031523159671,49
"Bronx",1.77388339168228e-199,20.6360659425096,50
"Bronx",1.77388339168228e-199,20.7593641844367,51
"Bronx",1.77388339168228e-199,22.91150858021,52
"Bronx",1.77388339168228e-199,29.1790375913679,53
"Bronx",1.77388339168228e-199,23.4850281409873,54
"Bronx",1.77388339168228e-199,32.8198648444529,55
"Bronx",1.77388339168228e-199,31.2604707786877,56
"Bronx",1.77388339168228e-199,29.6818459436917,57
"Bronx",1.77388339168228e-199,40.1224518779266,58
"Bronx",1.77388339168228e-199,53.5822885813921,59
"Bronx",1.77388339168228e-199,64.0228945156269,60
"Bronx",1.77388339168228e-199,76.4635004498617,61
"Broome",2.01184162679079,-0.0980627533048608,1
"Broome",3.62455905885134,-0.0774491517181932,2
"Broome",5.68779781787089,-0.0279893962853741,3
"Broome",7.94789101963659,0.01185497453206,4
"Broome",9.32836205740845,0.0613147299648809,5
"Broome",9.94231219656262,0.130005254628468,6
"Broome",10.6090198881906,0.208311163907441,7
"Broome",11.3687720032655,1.2962324578018,8
"Broome",10.6027387560814,1.38415375169616,9
"Broome",12.0455154673789,2.47207504559052,10
"Broome",13.8264618125624,2.55999633948487,11
"Broome",17.4664675296422,2.64791763337923,12
"Broome",16.6775266224025,10.7358389272736,13
"Broome",21.3885244099416,14.8237602211679,14
"Broome",27.8242116086784,19.9116815150623,15
"Broome",28.3318903759444,16.9996028089567,16
"Broome",131.048175801931,29.087524102851,17
"Broome",112.216546379493,41.1754453967454,18
"Broome",128.959202990044,47.2633666906397,19
"Broome",113.270832276327,61.3512879845341,20
"Broome",50.7769717910732,55.4392092784285,21
"Broome",35.36374258763,30.5271305723228,22
"Broome",22.0360051764866,21.6150518662172,23
"Broome",26.128449518547,15.7029731601115,24
"Broome",16.5784582759095,6.79089445400589,25
"Broome",22.4351680678585,-2.92887655979207,26
"Broome",23.4923755371177,-2.75441680435924,27
"Broome",17.4274927976773,-1.69534166431104,28
"Broome",21.4617927809843,1.12334886035255,29
"Broome",19.4444782587854,4.29780861578537,30
"Broome",16.2445089702586,6.77034529429511,31
"Broome",11.9723986219912,8.42557428049716,32
"Broome",11.6200052545082,9.2154186513146,33
"Broome",10.7384321186567,9.62064763751665,34
"Broome",10.7384336669283,9.76626123910332,35
"Broome",10.7384333252065,9.90225945607459,36
"Broome",10.7384328265705,10.0190269038151,37
"Broome",10.7384330814031,10.0781020438633,38
"Broome",10.7384331433045,10.0794848762192,39
"Broome",10.7384330659361,9.98471386242126,40
"Broome",10.7384330287324,9.78417361785408,41
"Broome",10.7384328545985,9.54517183482536,42
"Broome",10.7384331621189,9.21963159025818,43
"Broome",10.7384336795165,8.67293749953715,44
"Broome",10.7384330505101,7.9531664857392,45
"Broome",10.7384333245808,7.04108777963356,46
"Broome",10.7384364531275,6.05208599660484,47
"Broome",10.7384366536609,5.36116113665305,48
"Broome",10.7384342482305,4.99715935362433,49
"Broome",10.7384426179835,4.75815757059561,50
"Broome",10.7384511033032,4.66338655679766,51
"Broome",10.73843570942,4.56861554299971,52
"Broome",11.4068864540912,4.47384452920176,53
"Broome",11.8865348407636,4.49445813078842,54
"Broome",12.6204435389661,4.54391788622124,55
"Broome",13.362449312555,4.58376225703868,56
"Broome",13.7740639386689,4.6332220124715,57
"Broome",13.9730948117212,4.70191253713509,58
"Broome",14.193149663172,4.78021844641406,59
"Broome",14.331958111395,5.86813974030842,60
"Broome",14.2364732156339,5.95606103420278,61
"Cattaraugus",0.398371149134523,0.187053845806481,1
"Cattaraugus",0.789278198254221,0.0660891293106016,2
"Cattaraugus",0.9493926272328,-0.362270181939602,3
"Cattaraugus",1.22279278545977,-0.249394453176022,4
"Cattaraugus",1.43572056386678,-0.220402045341442,5
"Cattaraugus",1.59208431025079,-0.197918594390227,6
"Cattaraugus",1.70357794117498,-0.171793362090318,7
"Cattaraugus",1.78131389445116,-0.143100773791447,8
"Cattaraugus",1.99345715455051,0.486191239992888,9
"Cattaraugus",1.96438786895783,0.325013495112294,10
"Cattaraugus",2.05564996048288,0.424500176834435,11
"Cattaraugus",2.38431980954079,0.698672240898452,12
"Cattaraugus",3.83131117808915,2.36032708057916,13
"Cattaraugus",4.17020425256221,0.987722917071994,14
"Cattaraugus",7.05739288588642,7.40631872948951,15
"Cattaraugus",7.78696594783034,4.8383480586773,16
"Cattaraugus",11.4606685437617,9.39353076100595,17
"Cattaraugus",10.7372347027191,3.79733516826584,18
"Cattaraugus",13.5863930016001,13.7923622159509,19
"Cattaraugus",11.3079121202743,13.3172443566391,20
"Cattaraugus",10.7183351631748,15.7572414708277,21
"Cattaraugus",7.7597153793028,12.3299288112892,22
"Cattaraugus",3.06533031598583,4.39848772175777,23
"Cattaraugus",4.30415524156895,9.84562346622268,24
"Cattaraugus",4.09863851797994,7.00516974034202,25
"Cattaraugus",3.47170357652767,4.08888484115595,26
"Cattaraugus",3.54006174876715,2.07658473971377,27
"Cattaraugus",4.48743262688429,3.49151267673327,28
"Cattaraugus",2.58316516263595,-2.52944878391698,29
"Cattaraugus",1.94797299582459,-2.10085251960466,30
"Cattaraugus",2.17098444741744,0.476778489966035,31
"Cattaraugus",2.28661454951828,0.922626460640142,32
"Cattaraugus",2.48937553129528,1.79136062048004,33
"Cattaraugus",1.94624439634864,1.03108530764195,34
"Cattaraugus",1.94624584556985,2.0663697708691,35
"Cattaraugus",1.9462467850795,2.55927952358817,36
"Cattaraugus",1.94624737273699,2.79149802710729,37
"Cattaraugus",1.94624770748504,2.90597669971409,38
"Cattaraugus",1.94624784611558,2.97150703177555,39
"Cattaraugus",1.94624781312554,3.01600436779216,40
"Cattaraugus",1.94624760549161,3.04292252970886,41
"Cattaraugus",1.94624719352379,3.05181631409895,42
"Cattaraugus",1.94624651867748,3.04429490918778,43
"Cattaraugus",1.94624548947004,3.01731399405668,44
"Cattaraugus",1.94624397792448,2.93557481719242,45
"Cattaraugus",1.94624182233136,2.75859889592141,46
"Cattaraugus",1.94623884991205,2.50631338001381,47
"Cattaraugus",1.94623495014337,2.2392361407554,48
"Cattaraugus",1.946230266427,1.99888969291488,49
"Cattaraugus",1.94622565204346,1.79740994858627,50
"Cattaraugus",1.94622370064272,1.64001783200835,51
"Cattaraugus",1.94624341880407,1.58108511909844,52
"Cattaraugus",2.02228697647721,1.76813896490492,53
"Cattaraugus",2.11606087818321,1.64717424840904,54
"Cattaraugus",2.09502245692915,1.21881493715884,55
"Cattaraugus",2.13775793925825,1.33169066592242,56
"Cattaraugus",2.17111642990892,1.360683073757,57
"Cattaraugus",2.19551616558849,1.38316652470821,58
"Cattaraugus",2.21295614702545,1.40929175700812,59
"Cattaraugus",2.22510865421043,1.43798434530699,60
"Cattaraugus",2.30514538801786,2.06727635909133,61
"Cayuga",0,-0.181255388080383,1
"Cayuga",0,-0.134674050413685,2
"Cayuga",0,-0.280863109861614,3
"Cayuga",0,-0.24708774764935,4
"Cayuga",0,0.241724875312464,5
"Cayuga",0,0.188774452463799,6
"Cayuga",0,0.0364956683687407,7
"Cayuga",0,0.784342203703861,8
"Cayuga",0,0.661275417634894,9
"Cayuga",0,1.33598204058375,10
"Cayuga",0,2.0056729552322,11
"Cayuga",0,0.36311466301478,12
"Cayuga",0,11.1600813110256,13
"Cayuga",0,-2.32663606187924,14
"Cayuga",0,-3.08080291352538,15
"Cayuga",0,-0.254137921009611,16
"Cayuga",0,6.98660262251707,17
"Cayuga",0,4.22380222604023,18
"Cayuga",0,-2.14999279004009,19
"Cayuga",0,-0.345454392991813,20
"Cayuga",0,-0.953483838391492,21
"Cayuga",0,0.124451920606759,22
"Cayuga",0,0.547427428423383,23
"Cayuga",0,2.44903405542601,24
"Cayuga",0,3.97917008542843,25
"Cayuga",0,7.97443974263242,26
"Cayuga",0,0.856894990743713,27
"Cayuga",0,-2.52801418282455,28
"Cayuga",0,-2.81082020207029,29
"Cayuga",0,-3.64590943055058,30
"Cayuga",0,-2.66787771616073,31
"Cayuga",0,-0.375024339181459,32
"Cayuga",0,-1.76036008717338,33
"Cayuga",0,-0.67155108708303,34
"Cayuga",0,0.0152490767874598,35
"Cayuga",0,0.228131450428381,36
"Cayuga",0,0.294786779747658,37
"Cayuga",0,0.317342262565543,38
"Cayuga",0,0.321005529640094,39
"Cayuga",0,0.31655281646092,40
"Cayuga",0,0.309198941806387,41
"Cayuga",0,0.30507577171693,42
"Cayuga",0,0.304043051536467,43
"Cayuga",0,0.308564792805032,44
"Cayuga",0,0.31280125577398,45
"Cayuga",0,0.311272414281589,46
"Cayuga",0,0.305462209292855,47
"Cayuga",0,0.277294024806127,48
"Cayuga",0,0.240131652829863,49
"Cayuga",0,0.193692845239281,50
"Cayuga",0,0.104176494494011,51
"Cayuga",0,0.0573934944079234,52
"Cayuga",0,-0.12386189367246,53
"Cayuga",0,-0.0772805560057612,54
"Cayuga",0,-0.223469615453691,55
"Cayuga",0,-0.189694253241427,56
"Cayuga",0,0.299118369720387,57
"Cayuga",0,0.246167946871722,58
"Cayuga",0,0.093889162776664,59
"Cayuga",0,0.841735698111784,60
"Cayuga",0,0.718668912042818,61
"Chautauqua",-1.74914718191923e-11,-0.032158137900689,1
"Chautauqua",-1.74914718190442e-11,0.0029914165063154,2
"Chautauqua",-1.74914718187717e-11,0.0766025093748564,3
"Chautauqua",0.07862419310328,1.18867514070494,4
"Chautauqua",0.157248386224051,0.310363156650402,5
"Chautauqua",0.07862419310328,0.432051172595866,6
"Chautauqua",0.157248386224051,1.55373918854133,7
"Chautauqua",0.07862419310328,0.675427204486796,8
"Chautauqua",0.235872579344823,0.797115220432261,9
"Chautauqua",0.707617738069452,0.918803236377727,10
"Chautauqua",0.314496772465594,1.04049125232319,11
"Chautauqua",0.864866124310995,3.16217926826866,12
"Chautauqua",1.17936289679408,6.28386728421412,13
"Chautauqua",2.12285321424334,7.40555530015959,14
"Chautauqua",3.22359191793414,6.52724331610505,15
"Chautauqua",6.21131125652345,8.64893133205052,16
"Chautauqua",9.6707757538374,12.770619347996,17
"Chautauqua",9.19903059511277,30.8923073639414,18
"Chautauqua",14.0737305686006,57.0139953798869,19
"Chautauqua",16.8255773278276,44.1356833958324,20
"Chautauqua",12.4226225130644,40.2573714117778,21
"Chautauqua",6.52580802900654,40.3790594277233,22
"Chautauqua",4.87469997347034,32.5007474436688,23
"Chautauqua",4.56020320098725,32.6224354596142,24
"Chautauqua",3.38084030417568,18.7441234755597,25
"Chautauqua",3.77396126977954,2.88504226073593,26
"Chautauqua",3.06634353169259,3.14134566129678,27
"Chautauqua",1.02211451055254,3.83995675416532,28
"Chautauqua",0.943490317431764,5.31741400088002,29
"Chautauqua",1.80835644176025,7.1794866322101,30
"Chautauqua",2.12285321424334,8.67617464815557,31
"Chautauqua",1.49385966927716,9.53824727948565,32
"Chautauqua",0.314496772465592,9.99647375696957,33
"Chautauqua",-1.74933401098087e-11,10.2335463882997,34
"Chautauqua",-1.74933401098149e-11,10.3648497888605,35
"Chautauqua",-1.74933401098166e-11,10.4961531894214,36
"Chautauqua",-1.74933401098172e-11,10.6274565899822,37
"Chautauqua",-1.74933401098173e-11,10.7299138366969,38
"Chautauqua",-1.74933401098174e-11,10.7842941603347,39
"Chautauqua",-1.74933401098174e-11,10.8002129455109,40
"Chautauqua",-1.74933401098174e-11,10.8161317306871,41
"Chautauqua",-1.74933401098174e-11,10.822435131248,42
"Chautauqua",-1.74933401097508e-11,10.7710462241165,43
"Chautauqua",-1.74933401097841e-11,10.5081188554466,44
"Chautauqua",-1.74933401097799e-11,9.82211456369977,45
"Chautauqua",-1.74933401097789e-11,9.01111027195293,46
"Chautauqua",-1.74933401097791e-11,8.36356751866762,47
"Chautauqua",-1.74933401097791e-11,7.75448630384385,48
"Chautauqua",-1.74933401097792e-11,7.22232816594317,49
"Chautauqua",-1.74933401097792e-11,6.76709310496556,50
"Chautauqua",-1.74933401097792e-11,6.45608881321871,51
"Chautauqua",-1.74933401097792e-11,6.32777682916418,52
"Chautauqua",-1.88685929680579e-11,6.29561869126349,53
"Chautauqua",-1.88685929680462e-11,6.33076824567049,54
"Chautauqua",-1.88685929680248e-11,6.40437933853903,55
"Chautauqua",0.00618176372502377,7.51645196986911,56
"Chautauqua",0.0123635274689161,6.63813998581458,57
"Chautauqua",0.00618176372502377,6.75982800176004,58
"Chautauqua",0.0123635274689161,7.88151601770551,59
"Chautauqua",0.00618176372502377,7.00320403365097,60
"Chautauqua",0.0185452912128085,7.12489204959644,61
"Chemung",-0.00123005807664731,-0.00144029644904742,1
"Chemung",-0.00123005807664731,0.00673479171728975,2
"Chemung",-0.00246011615329462,0.00529449526824233,3
"Chemung",-0.00123005807664731,0.00385419881919513,4
"Chemung",-0.00123005807664731,0.0120292869855323,5
"Chemung",0,0.0202043751518695,6
"Chemung",-0.00246011615329462,0.0283794633182066,7
"Chemung",0,1.03655455148454,8
"Chemung",9.97184071275697e-31,0.0447296396508809,9
"Chemung",1.62435251102914e-27,0.0529047278172181,10
"Chemung",-0.00246011615329462,1.06107981598356,11
"Chemung",-0.00369017422994192,0.0692549041498927,12
"Chemung",-0.0184508711497096,0.0774299923162298,13
"Chemung",-0.0184508711497096,2.08560508048257,14
"Chemung",-0.0369017422994192,2.0937801686489,15
"Chemung",-0.0516624392191869,1.10195525681524,16
"Chemung",-0.0455121488359504,2.11013034498158,17
"Chemung",-0.0688832522922492,3.11830543314792,18
"Chemung",-0.0688832522922492,7.12648052131425,19
"Chemung",-0.0258312196095935,6.13465560948059,20
"Chemung",-0.0504323811425396,9.14283069764693,21
"Chemung",-0.0393618584527138,5.15100578581326,22
"Chemung",-0.0307514519161827,3.1591808739796,23
"Chemung",-0.0135306388431204,7.16735596214594,24
"Chemung",-0.0233711034562988,4.17553105031228,25
"Chemung",-0.0246011615329461,-1.14321693844446,26
"Chemung",-0.0123005807664731,-1.11581108104736,27
"Chemung",-0.00861040653653115,-0.934559069804097,28
"Chemung",-0.0110705226898258,-0.320614750868529,29
"Chemung",-0.015990754996415,0.418329568067039,30
"Chemung",-0.00738034845988384,0.859196963925684,31
"Chemung",-0.00738034845988384,1.08852589824587,32
"Chemung",-0.0012300580766473,1.20247021718143,33
"Chemung",4.55364912443912e-18,1.2587222284247,34
"Chemung",4.55364912443912e-18,1.27651270120642,35
"Chemung",4.55364912443912e-18,1.28468778937275,36
"Chemung",4.55364912443912e-18,1.28324749292371,37
"Chemung",4.55364912443912e-18,1.28180719647466,38
"Chemung",4.55364912443912e-18,1.29959766925638,39
"Chemung",4.55364912443912e-18,1.29815737280733,40
"Chemung",4.55364912443912e-18,1.26787092251213,41
"Chemung",4.55364912443912e-18,1.24719985683232,42
"Chemung",4.55364912443912e-18,1.2265287911525,43
"Chemung",4.55364912443912e-18,1.18662695624191,44
"Chemung",4.55364912443912e-18,1.0986481982544,45
"Chemung",4.55364912443912e-18,0.981823286420741,46
"Chemung",4.55364912443912e-18,0.84576760535631,47
"Chemung",4.55364912443912e-18,0.719327308907262,48
"Chemung",4.55364912443912e-18,0.650579320150522,49
"Chemung",4.55364912443912e-18,0.562600562163013,50
"Chemung",4.55364912443912e-18,0.46500641956012,51
"Chemung",4.55364912443912e-18,0.425104584649534,52
"Chemung",1.51304287192983e-06,0.423664288200487,53
"Chemung",1.51304287192983e-06,0.431839376366824,54
"Chemung",3.0260857438551e-06,0.430399079917777,55
"Chemung",1.51304287192983e-06,0.428958783468729,56
"Chemung",1.51304287192983e-06,0.437133871635066,57
"Chemung",4.55364912443912e-18,0.445308959801404,58
"Chemung",3.0260857438551e-06,0.453484047967741,59
"Chemung",4.55364912443912e-18,1.46165913613408,60
"Chemung",4.55364912443912e-18,0.469834224300415,61
"Chenango",0.0368945044715561,-0.0216151186387248,1
"Chenango",0.0667846562743248,-0.0239994680466808,2
"Chenango",0.0887676187778539,-0.0167684328392519,3
"Chenango",0.100874463223747,-0.00953739763182271,4
"Chenango",0.0877240471050424,0.00730902219099083,5
"Chenango",0.215852217908116,0.0241554420138044,6
"Chenango",0.100867539687912,0.0410018618366179,7
"Chenango",0.100860595425128,0.0578482816594315,8
"Chenango",0.330650521972045,0.074694701482245,9
"Chenango",0.100740012967145,0.0915411213050585,10
"Chenango",0.102304518153364,0.108387541127872,11
"Chenango",0.777244968423438,0.125233960950686,12
"Chenango",1.05606793941116,1.1420803807735,13
"Chenango",1.07855309660477,0.158926800596313,14
"Chenango",1.96165780453677,1.17577322041913,15
"Chenango",1.1012713566894,0.19261964024194,16
"Chenango",8.1216591047215,1.20946606006475,17
"Chenango",11.5824694300178,3.22631247988757,18
"Chenango",11.9452275570616,6.24315889971038,19
"Chenango",9.22246668752778,11.2600053195332,20
"Chenango",3.1911438580169,4.27685173935601,21
"Chenango",2.9515551053075,5.29369815917882,22
"Chenango",2.104959114481,21.3105445790016,23
"Chenango",1.33135288653524,9.32739099882445,24
"Chenango",1.1946840068007,7.34423741864726,25
"Chenango",0.892508697048186,-0.23507000768377,26
"Chenango",0.521298413758455,-0.218223587860957,27
"Chenango",0.180628563963048,-0.172531014191989,28
"Chenango",0.380164538581964,0.0366230979385165,29
"Chenango",0.410788994033059,0.341931056222869,30
"Chenango",0.534302090306858,0.781854399122605,31
"Chenango",0.204220340215677,1.27947004971465,32
"Chenango",0.100874418315359,1.584778007999,33
"Chenango",0.100874418315359,1.7362398124372,34
"Chenango",0.100874418315359,1.81077853995232,35
"Chenango",0.100874418315359,1.87570188285206,36
"Chenango",0.100874418315359,1.91177907190564,37
"Chenango",0.100874418315359,1.94785626095922,38
"Chenango",0.100874418315359,1.97431806539742,39
"Chenango",0.100874418315359,1.98154910060485,40
"Chenango",0.100874418315359,1.98878013581228,41
"Chenango",0.100874418315359,1.99601117101971,42
"Chenango",0.100874418315359,2.00324220622714,43
"Chenango",0.100874418315359,1.98162708758841,44
"Chenango",0.100874418315359,1.91193504587276,45
"Chenango",0.100874418315359,1.76531992723404,46
"Chenango",0.100874418315359,1.63793557782608,47
"Chenango",0.100874418315359,1.56824353611044,48
"Chenango",0.100874418608902,1.34470534054863,49
"Chenango",0.100874419140281,1.08270560652529,50
"Chenango",0.10087442064201,0.945705872501954,51
"Chenango",0.100874420189722,0.876013830786306,52
"Chenango",0.105114986570016,0.854398712147581,53
"Chenango",0.108550488163145,0.852014362739625,54
"Chenango",0.111077151902933,0.859245397947054,55
"Chenango",0.112468685326678,0.866476433154483,56
"Chenango",0.112468685326678,0.883322852977296,57
"Chenango",0.112468685326678,0.90016927280011,58
"Chenango",0.112468685326678,0.917015692622923,59
"Chenango",0.112468685326678,0.933862112445737,60
"Chenango",0.112468685326678,0.95070853226855,61
"Clinton",-0.672349698628882,-0.0620589789335132,1
"Clinton",-0.45681567412308,-0.0656393622294703,2
"Clinton",0.0694422709077532,-0.0374541487594319,3
"Clinton",-0.181581844400934,0.277372148242788,4
"Clinton",-0.17638210513397,-0.128891399078195,5
"Clinton",-0.153746134525159,-0.211470645882446,6
"Clinton",-0.488961660904772,-0.105396847743803,7
"Clinton",0.664852697903683,0.776089850133276,8
"Clinton",0.46891182497935,-0.151862998204652,9
"Clinton",0.0979485070712827,0.227743228609967,10
"Clinton",1.39790399332356,1.94535130373184,11
"Clinton",0.809492879065455,0.223157193541078,12
"Clinton",3.37265674196986,2.85054067653009,13
"Clinton",5.95764396311352,3.1547456528886,14
"Clinton",7.91519040988902,2.00270038725719,15
"Clinton",3.90413465973332,-3.42948774354603,16
"Clinton",3.16842127496562,-1.90945265317557,17
"Clinton",4.49579813332111,1.65771273216517,18
"Clinton",10.2576191724303,8.20130238522861,19
"Clinton",8.32159402581741,2.05966427839253,20
"Clinton",6.20521416797025,1.28398141022048,21
"Clinton",5.10547433017091,-0.828616929933602,22
"Clinton",6.69205593100729,3.14468294635401,23
"Clinton",3.17138709412696,1.48274592821546,24
"Clinton",1.53401397442455,-1.41794145928436,25
"Clinton",0.476862434922516,-1.06530499268625,26
"Clinton",1.29876099434189,-0.337437913069165,27
"Clinton",0.474661745684743,-2.12070176955492,28
"Clinton",0.277342934593602,-0.637940904714733,29
"Clinton",0.819247879141616,-0.377197685178953,30
"Clinton",0.512174777246636,-0.876773680490863,31
"Clinton",0.382186790562049,-1.28690711410165,32
"Clinton",0.837637321962886,-1.09777743784136,33
"Clinton",-0.278063533051404,-2.60543630639377,34
"Clinton",-0.330680376052698,-1.02183425451129,35
"Clinton",-0.264798636651579,-0.540554685681804,36
"Clinton",-0.296842460846205,-0.379082981745824,37
"Clinton",-0.316961617193312,-0.316683507819618,38
"Clinton",-0.264471884149442,-0.290720294737619,39
"Clinton",-0.309464110809664,-0.286584327250513,40
"Clinton",-0.302088333967858,-0.296483593764573,41
"Clinton",-0.271146177321605,-0.311251664834618,42
"Clinton",-0.314586412573748,-0.326215905044477,43
"Clinton",-0.290121095935237,-0.343014062293718,44
"Clinton",-0.280856985736643,-0.365020362014291,45
"Clinton",-0.313624930400343,-0.389349371448887,46
"Clinton",-0.282629929086796,-0.413565788209458,47
"Clinton",-0.29070007458668,-0.445071714635161,48
"Clinton",-0.308456588124785,-0.488223808865226,49
"Clinton",-0.280127429475944,-0.543289158037828,50
"Clinton",-0.29823394828646,-0.604011917227857,51
"Clinton",-0.301697268135849,-0.68041919235038,52
"Clinton",-0.376178104595022,-0.742478171283893,53
"Clinton",-0.366906603977496,-0.74605855457985,54
"Clinton",-0.28547387138144,-0.717873341109812,55
"Clinton",-0.350596012735678,-0.403047044107592,56
"Clinton",-0.348311626509077,-0.809310591428575,57
"Clinton",-0.312217440492471,-0.891889838232826,58
"Clinton",-0.358862307784142,-0.785816040094183,59
"Clinton",-0.327605400231375,0.0956706577828959,60
"Clinton",-0.32120932445014,-0.832282190555032,61
"Columbia",0.391609618368118,-0.028068541017799,1
"Columbia",0.718329581138656,-0.0799342749276708,2
"Columbia",0.990912094606033,0.202376758748704,3
"Columbia",1.21832772607871,-0.459137434932174,4
"Columbia",1.40806062119455,-0.278577678566816,5
"Columbia",1.56635480377084,-0.247482042241619,6
"Columbia",1.69841966380577,0.0348810222362999,7
"Columbia",1.80860139614859,0.0542934504201777,8
"Columbia",1.90052603180756,-0.39198169212661,9
"Columbia",1.97721876899147,0.787159115856408,10
"Columbia",2.04120353101522,2.82143784429004,11
"Columbia",2.09458602747533,4.41218381502701,12
"Columbia",2.13912305220093,5.36939452960903,13
"Columbia",2.17628029854462,5.56929811516777,14
"Columbia",2.20728059468814,5.69692288444696,15
"Columbia",2.23314414636518,5.18927065869151,16
"Columbia",2.25472211137086,5.88667798452255,17
"Columbia",2.27272461078008,7.91960081690254,18
"Columbia",2.28774409871113,5.79424848790391,19
"Columbia",2.30027485972285,9.46930822428214,20
"Columbia",2.31072927549613,0.669254851242752,21
"Columbia",2.31945139612858,-2.54966225719546,22
"Columbia",2.32672826266773,3.8733573333228,23
"Columbia",2.33279935350218,1.28876858366984,24
"Columbia",2.33786446548711,5.54340861618112,25
"Columbia",2.34209028916846,1.30902257960634,26
"Columbia",2.34561589449347,-0.314483313142694,27
"Columbia",2.34855730753979,0.857973950712813,28
"Columbia",2.35101132888123,0.456059176666759,29
"Columbia",2.35305871925088,0.0315372084529963,30
"Columbia",2.35476685734039,0.561362699200986,31
"Columbia",2.35619195720217,0.469098787161342,32
"Columbia",2.35738091822853,1.11124091396188,33
"Columbia",2.35837286858941,0.445690567363344,34
"Columbia",2.35920045292284,1.26898801250475,35
"Columbia",2.35989090665513,1.67611676330981,36
"Columbia",2.36046695230654,1.87101003491027,37
"Columbia",2.36094754727907,1.95614066154754,38
"Columbia",2.36134850773604,1.97605709471162,39
"Columbia",2.36168302910484,1.95481683211289,40
"Columbia",2.36196212033252,1.91777064197222,41
"Columbia",2.36219496618522,1.88305492283562,42
"Columbia",2.36238922951472,1.83698537620552,43
"Columbia",2.36255130343937,1.77062512199939,44
"Columbia",2.36268652173878,1.69684234949384,45
"Columbia",2.36279933438606,1.62290135878751,46
"Columbia",2.36289345399445,1.55913245430109,47
"Columbia",2.3629719779977,1.50990798469761,48
"Columbia",2.36303749058528,1.46431768295433,49
"Columbia",2.36309214774683,1.41970883065654,50
"Columbia",2.36313774822482,1.38042863250555,51
"Columbia",2.36317579271039,1.37533403603051,52
"Columbia",2.36320753323035,1.34766782029015,53
"Columbia",2.36323401435086,1.29580208638028,54
"Columbia",2.36325610755364,1.57811312005665,55
"Columbia",2.363274539916,0.916598926375775,56
"Columbia",2.36328991803866,1.09715868274113,57
"Columbia",2.36330274800868,1.12825431906633,58
"Columbia",2.36331345205456,1.41061738354425,59
"Columbia",2.36332238244164,1.43002981172813,60
"Columbia",2.3633298330649,0.983754669181339,61
"Cortland",3.70440414045641e-21,0.0124151173252599,1
"Cortland",4.79354519433178e-21,0.0248302346505198,2
"Cortland",0.000176599092614464,0.0372453519757797,3
"Cortland",0.030584455927535,0.0496604693010397,4
"Cortland",0.000176599092614464,0.0620755866262995,5
"Cortland",0.489326199249002,0.0744907039515595,6
"Cortland",-0.106575937417226,0.0869058212768195,7
"Cortland",-0.107268060856633,0.0993209386020794,8
"Cortland",0.153632999858247,1.11173605592734,9
"Cortland",0.302901997547779,1.1241511732526,10
"Cortland",0.598784346036513,0.136566290577857,11
"Cortland",1.28266062722348,0.148981407903119,12
"Cortland",2.91140757641634,0.161396525228377,13
"Cortland",4.9710765665126,0.173811642553637,14
"Cortland",5.4650011516458,3.1862267598789,15
"Cortland",4.51853714612529,3.19864187720416,16
"Cortland",6.31898228304529,5.21105699452942,17
"Cortland",9.38450760424201,3.22347211185468,18
"Cortland",11.1819356255294,2.23588722917994,19
"Cortland",10.2971920680822,4.2483023465052,20
"Cortland",7.94719845880732,5.26071746383046,21
"Cortland",4.97421540151221,2.27313258115572,22
"Cortland",2.00055559439946,1.28554769848098,23
"Cortland",0.686571478199435,1.29796281580624,24
"Cortland",-0.0934588762453119,1.3103779331315,25
"Cortland",-0.491203667701858,0.649716127379836,26
"Cortland",-1.98996542414108,0.662131244705096,27
"Cortland",0.156376567758666,0.674546362030356,28
"Cortland",1.20428350088617,0.706192248586384,29
"Cortland",0.02174647775586,0.757068904373182,30
"Cortland",0.221351244860726,0.80794556015998,31
"Cortland",0.313167834290325,0.887668369792932,32
"Cortland",0.0608157136698395,0.948160410195115,33
"Cortland",-1.5404344466674e-15,0.979806296751145,34
"Cortland",-1.5404344466674e-15,1.01145218330717,35
"Cortland",-1.54043455001353e-15,1.01425191601705,36
"Cortland",-1.54043454452324e-15,1.01705164872692,37
"Cortland",-1.54043454295085e-15,1.02946676605218,38
"Cortland",-1.54043454250053e-15,1.04188188337744,39
"Cortland",-1.54043454237172e-15,1.0542970007027,40
"Cortland",-1.54043454233491e-15,1.03786596418181,41
"Cortland",-1.54043454232543e-15,0.992588773814762,42
"Cortland",-1.5404345423203e-15,0.928080814216945,43
"Cortland",-1.5404345423363e-15,0.873188239234513,44
"Cortland",-1.54043454234302e-15,0.847141818098234,45
"Cortland",-1.54043454234395e-15,0.801864627731186,46
"Cortland",-1.54043454315892e-15,0.727741283517985,47
"Cortland",-1.54043454415647e-15,0.672848708535552,48
"Cortland",-1.54043454187809e-15,0.656417672014658,49
"Cortland",-1.54043450982104e-15,0.649602020109149,50
"Cortland",-1.5404344457613e-15,0.64278636820364,51
"Cortland",-1.54043450224222e-15,0.645586100913515,52
"Cortland",-1.54043530919543e-15,0.658001218238775,53
"Cortland",-1.54043554845411e-15,0.670416335564035,54
"Cortland",-3.7991988841605e-05,0.682831452889295,55
"Cortland",-0.00856613767775615,0.695246570214554,56
"Cortland",-3.79919888416087e-05,0.707661687539814,57
"Cortland",-0.240153398874153,0.720076804865074,58
"Cortland",0.0130400970417367,0.732491922190334,59
"Cortland",0.0130344670445846,0.744907039515594,60
"Cortland",-0.0781336536411101,1.75732215684085,61
"Delaware",-0.0743039702002821,-0.0156108212176895,1
"Delaware",0.00778134265057528,-0.0273380192835532,2
"Delaware",0.0887151830464574,0.0565041896565002,3
"Delaware",0.0147221341321395,0.0642405829747364,4
"Delaware",-0.0117686500056247,-0.182103313391353,5
"Delaware",0.00110154911567706,-0.0717553842674198,6
"Delaware",0.147313217778123,0.0673233424235056,7
"Delaware",0.0212672434822851,-0.116316549410194,8
"Delaware",0.207560432994481,0.823864215655907,9
"Delaware",0.102885225070851,0.997035234265386,10
"Delaware",0.115452204512627,0.639645552870383,11
"Delaware",0.283876716735398,2.38123038588747,12
"Delaware",0.74899055260303,1.31961184766414,13
"Delaware",0.482515844713471,-0.185748254271092,14
"Delaware",0.812055233525379,1.84844782667636,15
"Delaware",1.28459833177734,2.57622753416465,16
"Delaware",3.19600829837171,3.24714579755646,17
"Delaware",3.19189379473862,4.05587251145134,18
"Delaware",5.04230013186325,7.38260808244217,19
"Delaware",3.82667943646581,2.96395106008307,20
"Delaware",2.61754529245367,3.32906472404449,21
"Delaware",0.86312242595359,1.13651469534493,22
"Delaware",1.70330171481597,4.70276435387493,23
"Delaware",1.02735891581211,4.80151180364095,24
"Delaware",0.635586378417564,2.12940462049927,25
"Delaware",0.913092692237348,1.28790807490116,26
"Delaware",0.861114214989849,-1.23043615719928,27
"Delaware",0.337303965067129,-1.67064689531923,28
"Delaware",0.049570721050364,-2.21833115733355,29
"Delaware",0.235320106568897,-0.286679991840425,30
"Delaware",0.184563189775918,-0.798442035235717,31
"Delaware",-0.00363355906191221,-0.0840465576719711,32
"Delaware",-0.00561438388819779,0.354956275580821,33
"Delaware",-0.00852230378239072,0.625759015473648,34
"Delaware",-0.00869666953802195,0.820442949986947,35
"Delaware",-0.0103701219778642,0.877046829219948,36
"Delaware",-0.0106881799095598,0.885922896328062,37
"Delaware",-0.0122827998811419,0.879396129064109,38
"Delaware",-0.0127278502390491,0.867423477130513,39
"Delaware",-0.0141826389286117,0.861658674647077,40
"Delaware",-0.0147171522717271,0.86192036172634,41
"Delaware",-0.0161020170183241,0.861069969361064,42
"Delaware",-0.0167237886584968,0.84585444918195,43
"Delaware",-0.0180257341464802,0.803371348299749,44
"Delaware",-0.018707339468108,0.730516705849642,45
"Delaware",-0.0199558359108474,0.643897594205165,46
"Delaware",-0.020695189218786,0.569445881208941,47
"Delaware",-0.021892110642001,0.503329345514678,48
"Delaware",-0.0226724387979562,0.427848803528611,49
"Delaware",-0.0238312217743794,0.339043288093814,50
"Delaware",-0.0246494169206513,0.262584060785472,51
"Delaware",-0.0257749871384271,0.24024192215545,52
"Delaware",-0.0340168425841426,0.224784466069939,53
"Delaware",-0.0269460803614632,0.213057268004075,54
"Delaware",-0.0187758284361484,0.296899476944128,55
"Delaware",-0.0273160022798185,0.304635870262365,56
"Delaware",-0.031730872024769,0.0582919738962753,57
"Delaware",-0.0315094959465608,0.168639903020208,58
"Delaware",-0.0277701077640119,0.307718629711134,59
"Delaware",-0.0314542345705285,0.124078737877435,60
"Delaware",-0.0336446365464421,1.06425950294354,61
"Dutchess",-0.00591481767312141,-0.0149969929435096,1
"Dutchess",0.110834476967742,-0.0648897318446453,2
"Dutchess",0.0328957048319591,-0.250201925059586,3
"Dutchess",0.224795900487803,-0.0612827428236953,4
"Dutchess",0.177395227507802,0.248245340993459,5
"Dutchess",0.0748835671987242,-0.0771161727462077,6
"Dutchess",0.16112278797492,0.570898795287435,7
"Dutchess",0.208877242174826,1.01364492904833,8
"Dutchess",0.346075081613298,2.42086701026794,9
"Dutchess",-0.273261359363968,1.87157723696234,10
"Dutchess",-0.9409424098107,9.66827204649942,11
"Dutchess",-1.82900042706576,18.5283945567483,12
"Dutchess",-4.79810331526182,19.5431270236949,13
"Dutchess",-5.99815976048086,21.3060549497988,14
"Dutchess",-2.53755855131417,20.6650293862633,15
"Dutchess",5.9073652027811,19.411022969997,16
"Dutchess",7.8682843276844,21.715252405058,17
"Dutchess",10.0663268408983,28.7371125570022,18
"Dutchess",6.60078590537123,31.8333668868834,19
"Dutchess",8.76351726197588,14.0244057748794,20
"Dutchess",0.457120568106335,8.68711836263314,21
"Dutchess",-3.4645048702266,9.6612914333121,22
"Dutchess",-0.308767841742633,13.4067211685353,23
"Dutchess",1.37863734758559,16.8642348829356,24
"Dutchess",0.0613045456744543,14.2024760847846,25
"Dutchess",-4.40516129687418,3.33059964321425,26
"Dutchess",-1.05303595278685,-3.83529885819422,27
"Dutchess",-3.73983734776681,-4.47373334853105,28
"Dutchess",-0.375746891432585,-5.17456162286321,29
"Dutchess",-0.00709521917922551,-4.69961958777262,30
"Dutchess",0.449825941445955,-0.855728962275464,31
"Dutchess",-0.000991235058612761,-0.381089730739475,32
"Dutchess",-0.092941144026965,2.0662040251523,33
"Dutchess",0.137788316690211,2.80237151072264,34
"Dutchess",0.141915826752385,4.55791921970309,35
"Dutchess",0.146043336809733,5.18290246822549,36
"Dutchess",0.150170846852919,5.39846644529747,37
"Dutchess",0.154298356854552,5.3946656558329,38
"Dutchess",0.158425866734247,5.24698386738428,39
"Dutchess",0.162553376256133,5.02299251503774,40
"Dutchess",0.166680884728071,4.78625392561998,41
"Dutchess",0.170808390119066,4.57498934695462,42
"Dutchess",0.174935886469404,4.30031976253217,43
"Dutchess",0.179063356291035,3.93212863294773,44
"Dutchess",0.183190748267389,3.53666823145681,45
"Dutchess",0.187317911816221,3.18438247983436,46
"Dutchess",0.191444405072199,2.87606919207396,47
"Dutchess",0.195568931435095,2.56319166855494,48
"Dutchess",0.199687686188815,2.25119491666708,49
"Dutchess",0.203789504855471,1.94715815743552,50
"Dutchess",0.207841626628869,1.7051675918764,51
"Dutchess",0.211747918900848,1.62234269614958,52
"Dutchess",0.217766672438918,1.60734570320607,53
"Dutchess",0.0622761480801708,1.55745296430493,54
"Dutchess",0.21494611699832,1.37214077108999,55
"Dutchess",-0.0884436651276066,1.56105995332588,56
"Dutchess",0.0398913853751268,1.87058803714304,57
"Dutchess",0.203762798953752,1.54522652340337,58
"Dutchess",0.057598997903008,2.19324149143701,59
"Dutchess",0.0170151772912752,2.63598762519791,60
"Dutchess",-1.80981816630602,4.04320970641752,61
"Erie",-0.111772871588607,-0.119910733635868,1
"Erie",0.24514520450381,-0.143667621117892,2
"Erie",0.412460638923252,-0.128962970138371,3
"Erie",-0.114624820245298,-0.0661813960819337,4
"Erie",0.457377443398859,2.04467710105143,5
"Erie",0.697358134596415,0.193997136646328,6
"Erie",0.224693595545919,0.352932556856615,7
"Erie",0.956834294421037,0.511867977066899,8
"Erie",2.22227632057129,0.670803397277187,9
"Erie",4.13163587833954,1.82973881748747,10
"Erie",7.8180285116061,2.98867423769776,11
"Erie",16.0162951162677,4.14760965790804,12
"Erie",34.9397100477605,13.3065450781183,13
"Erie",47.7586665422887,15.4654804983286,14
"Erie",76.3704661494039,22.6244159185389,15
"Erie",87.4673522998524,34.7833513387492,16
"Erie",152.835580092138,47.9422867589595,17
"Erie",200.277670125532,78.1012221791698,18
"Erie",207.687592671035,82.2601575993801,19
"Erie",185.800851055812,97.4190930195903,20
"Erie",166.43943993304,93.5780284398006,21
"Erie",104.813538124167,83.7369638600109,22
"Erie",68.8429574714922,55.8958992802212,23
"Erie",53.8400564670649,31.0548347004315,24
"Erie",56.9096407157323,39.2137701206418,25
"Erie",45.1513939883522,-10.3388329206864,26
"Erie",35.9534124209362,-0.401051346629973,27
"Erie",17.8720373550063,-3.57865438795815,28
"Erie",8.19386871612298,3.32066564763675,29
"Erie",9.87335177456098,9.17190876015473,30
"Erie",7.53331054442524,13.1866134111342,31
"Erie",4.85199731396733,15.8743949851907,32
"Erie",3.37830567299555,17.1871765592471,33
"Erie",-0.00504842949888396,17.8172658256113,34
"Erie",-0.00505652567148518,18.1685089381292,35
"Erie",-0.00506110075380568,18.3851366660318,36
"Erie",-0.00505560230204399,18.6017643939344,37
"Erie",-0.00503494206599029,18.7799305833755,38
"Erie",-0.00500052937253657,18.8330967728165,39
"Erie",-0.00496504562142704,18.7804937314884,40
"Erie",-0.00495339249915516,18.6413522286217,41
"Erie",-0.00499553742633985,18.2906722642166,42
"Erie",-0.00510902027555647,17.6899922998115,43
"Erie",-0.00527590501333239,16.6854661815603,44
"Erie",-0.00542176611050227,15.3540169863859,45
"Erie",-0.00542232784577509,13.8494908681347,46
"Erie",-0.00514826940983409,12.2488109037296,47
"Erie",-0.00454082457587707,10.7827463239399,48
"Erie",-0.00377447730175756,9.68206635953477,49
"Erie",-0.00320389048421081,9.07177101051429,50
"Erie",-0.0034764365862674,8.62493719995535,51
"Erie",-0.00526166694049493,8.26464185093486,52
"Erie",-0.0062281461430108,8.144731117299,53
"Erie",-0.00682853158565628,8.12097422981697,54
"Erie",-0.00687539926046772,8.13567888079649,55
"Erie",-0.00662240682431897,8.19846045485293,56
"Erie",-0.00632678706554707,10.3093189519863,57
"Erie",-0.00610730513997329,8.45863898758119,58
"Erie",-0.00601897955179918,8.61757440779148,59
"Erie",-0.00603143422172078,8.77650982800176,60
"Erie",-0.00609233362123587,8.93544524821205,61
"Essex",6.27028667877865e-06,-0.00267114099772314,1
"Essex",-2.95754384176545e-06,-0.00654123903466802,2
"Essex",1.50052559132499e-06,-0.00877104904773712,3
"Essex",6.70515344490974e-07,-0.00865599544560891,4
"Essex",-4.85852881796389e-07,0.342878108769283,5
"Essex",6.65763518056859e-07,-0.258059543201089,6
"Essex",1.3131739540934e-06,0.047868021456331,7
"Essex",-1.25631860175587e-07,-0.0754589990227227,8
"Essex",9.56674125806942e-07,-0.0523867896078765,9
"Essex",6.02649245785267e-07,0.586584815433551,10
"Essex",2.89046383020285e-07,1.10720202608342,11
"Essex",6.6110166647328e-07,1.61387820757204,12
"Essex",6.15697559536028e-07,1.91965316763424,13
"Essex",4.10458972667316e-07,1.66743643926923,14
"Essex",6.64479385421778e-07,1.45947448691983,15
"Essex",5.47838421009879e-07,0.0102099372005533,16
"Essex",5.02706516351433e-07,-1.03696949692922,17
"Essex",5.95148703466039e-07,0.15722727520659,18
"Essex",5.48428191182708e-07,3.02224542492492,19
"Essex",5.274767658101e-07,2.62933453720003,20
"Essex",5.80175345288922e-07,4.14171221363712,21
"Essex",5.45781909990073e-07,0.728543139250904,22
"Essex",5.45581202326831e-07,1.34257195275907,23
"Essex",5.64949593499271e-07,0.512984935225238,24
"Essex",5.48864412372567e-07,-2.00689308099596,25
"Essex",5.50005039765376e-07,-0.605211932874455,26
"Essex",5.59387952042077e-07,-0.062822325686573,27
"Essex",5.50332454289334e-07,-0.0578594718577412,28
"Essex",5.52784079374594e-07,0.640451347595885,29
"Essex",5.560482896404e-07,-1.18223562893207,30
"Essex",5.51829896704905e-07,-0.410930626365076,31
"Essex",5.53363158408351e-07,-0.28842563417022,32
"Essex",5.54661494289045e-07,-0.474461879274804,33
"Essex",5.52553862726705e-07,-0.123300409554588,34
"Essex",5.53623481236519e-07,0.0792413319091312,35
"Essex",5.53971258718587e-07,0.188335547439736,36
"Essex",5.53034790305763e-07,0.238766354761215,37
"Essex",5.53620491728771e-07,0.259686478378287,38
"Essex",5.53692126140789e-07,0.266091017550357,39
"Essex",5.53264855450048e-07,0.26491283575452,40
"Essex",5.53594587449948e-07,0.26143338312509,41
"Essex",5.5356810224098e-07,0.258590893687699,42
"Essex",5.53391870742825e-07,0.255413553738703,43
"Essex",5.53559442122829e-07,0.250672759234631,44
"Essex",5.53523155039444e-07,0.233970099664332,45
"Essex",5.53451241390866e-07,0.200128342470194,46
"Essex",5.53536070393899e-07,0.160265820702756,47
"Essex",5.53506241046786e-07,0.120948929294314,48
"Essex",5.53480452243237e-07,0.0864055017942714,49
"Essex",5.53520875029184e-07,0.0611768867243291,50
"Essex",5.53501803693639e-07,0.045947260681074,51
"Essex",5.53493502669874e-07,0.0415350465294974,52
"Essex",5.53512405693598e-07,0.0388639055317743,53
"Essex",5.53501068645605e-07,0.0349938074948294,54
"Essex",5.53499348962876e-07,0.0327639974817603,55
"Essex",5.53507749746295e-07,0.0328790510838885,56
"Essex",5.53501548006403e-07,0.38441315529878,57
"Essex",5.53501768783109e-07,-0.216524496671592,58
"Essex",5.535053786822e-07,0.0894030679858284,59
"Essex",5.53502113089459e-07,-0.0339239524932253,60
"Essex",5.53502735277141e-07,-0.0108517430783791,61
"Franklin",0.426045015904913,0.0647212693530468,1
"Franklin",0.737846915664326,-0.00869733279139639,2
"Franklin",0.999600570150321,-0.0416306571769223,3
"Franklin",1.18983641081576,-0.0361702601378193,4
"Franklin",1.40304290123366,0.237065522869863,5
"Franklin",1.46672530054876,0.510059264352764,6
"Franklin",1.61796537350146,0.261608329367051,7
"Franklin",1.6363540216555,-0.686424406475186,8
"Franklin",1.69718334037416,-0.10538927907934,9
"Franklin",1.74027701079697,0.301716833887229,10
"Franklin",1.83004332615157,1.40155003576494,11
"Franklin",1.85628594579847,2.11214582177916,12
"Franklin",1.98400210213364,0.934294808823771,13
"Franklin",2.15698587865733,1.4860558559067,14
"Franklin",2.64221527936246,3.11525160621253,15
"Franklin",3.12296661580624,4.93676241572162,16
"Franklin",2.76534907631577,6.62637564652524,17
"Franklin",3.03293970401564,10.7468839880724,18
"Franklin",2.61963187530108,10.5530533637958,19
"Franklin",2.93724136629114,14.6533532898237,20
"Franklin",2.94056892610082,10.1531341038272,21
"Franklin",3.4661187199759,6.71475516881627,22
"Franklin",2.68310986892847,2.11672007490341,23
"Franklin",2.10871392082767,1.10108744079841,24
"Franklin",2.05764611773935,0.556783593655382,25
"Franklin",2.37246879696317,4.02841650240634,26
"Franklin",2.32091657487818,-0.330419176972456,27
"Franklin",2.00737295894328,-1.14351600567324,28
"Franklin",2.2172094320668,-1.04060049010952,29
"Franklin",2.42685045020937,0.893865717915155,30
"Franklin",1.95611358022999,-1.04752882125662,31
"Franklin",1.95628869346611,0.256097117825231,32
"Franklin",1.95647559087288,0.610397271146845,33
"Franklin",1.90424327853248,0.587818648281328,34
"Franklin",1.90435935294348,1.36859192592018,35
"Franklin",1.90442247643588,1.72470723087309,36
"Franklin",1.90449465462376,1.86301628470763,37
"Franklin",1.904532407531,1.91881128671062,38
"Franklin",1.90457734923121,1.94679122307077,39
"Franklin",1.90459985826558,1.96007961274073,40
"Franklin",1.90462788070007,1.95553812629984,41
"Franklin",1.90464125242991,1.92790885428632,42
"Franklin",1.90465875148696,1.85622276285149,43
"Franklin",1.90466666136166,1.7228542604856,44
"Franklin",1.90467760636516,1.53608886930712,45
"Franklin",1.90468226183917,1.31694675437274,46
"Franklin",1.90468911908639,1.10879549889798,47
"Franklin",1.90469184268358,0.952327405288505,48
"Franklin",1.90469614652483,0.854989603887357,49
"Franklin",1.90469772834451,0.803882570496804,50
"Franklin",1.90470043463485,0.776751641042428,51
"Franklin",1.90470134514373,0.803388570264312,52
"Franklin",1.92700121198667,0.867568533077115,53
"Franklin",1.94332068468494,0.794149930932671,54
"Franklin",1.95702131192596,0.761216606547145,55
"Franklin",1.96697808476952,0.766677003586248,56
"Franklin",1.97813747588717,1.03991278659393,57
"Franklin",1.98147061817805,1.31290652807683,58
"Franklin",1.98938658822542,1.06445559309112,59
"Franklin",1.99034909133996,0.116422857248882,60
"Franklin",1.99353302460908,0.697457984644727,61
"Fulton",5.68170327691155e-19,-0.0294445783473365,1
"Fulton",5.68170327691155e-19,-0.0446338278036614,2
"Fulton",5.68170327691155e-19,-0.0454217464291681,3
"Fulton",5.68170327691155e-19,0.0332976476934763,4
"Fulton",5.68170327691155e-19,-0.0844973655745863,5
"Fulton",5.68170327691155e-19,0.0462431638336163,6
"Fulton",5.68170327691155e-19,-0.076199358838691,7
"Fulton",5.68170327691155e-19,0.226231412937105,8
"Fulton",5.68170327691155e-19,0.0940215832937774,9
"Fulton",5.68170327691155e-19,0.388415374398915,10
"Fulton",5.68170327691155e-19,1.89973464195737,11
"Fulton",5.68170327691155e-19,-0.202530815459041,12
"Fulton",5.68170327691155e-19,0.427294888755566,13
"Fulton",5.68170327691155e-19,0.931597298027723,14
"Fulton",5.68170327691155e-19,3.28307354402491,15
"Fulton",5.68170327691155e-19,3.50814608888777,16
"Fulton",5.68170327691155e-19,2.40570516135759,17
"Fulton",5.68170327691155e-19,1.36709996312299,18
"Fulton",5.68170327691155e-19,4.1778123372516,19
"Fulton",5.68170327691155e-19,5.01367063959519,20
"Fulton",5.68170327691155e-19,2.6794452849118,21
"Fulton",5.68170327691155e-19,2.00105598248668,22
"Fulton",5.68170327691155e-19,1.22877850245231,23
"Fulton",5.68170327691155e-19,2.50616555834321,24
"Fulton",5.68170327691155e-19,3.45877897130053,25
"Fulton",5.68170327691155e-19,1.92430697699182,26
"Fulton",5.68170327691155e-19,0.783298965730802,27
"Fulton",5.68170327691155e-19,-0.866662315960001,28
"Fulton",5.68170327691155e-19,-0.254335453331297,29
"Fulton",5.68170327691155e-19,-0.0203314076880292,30
"Fulton",5.68170327691155e-19,0.48705295661106,31
"Fulton",5.68170327691155e-19,0.377270702710012,32
"Fulton",5.68170327691155e-19,0.612263655525448,33
"Fulton",5.68170327691155e-19,0.693718687329526,34
"Fulton",5.68170327691155e-19,0.854246383340916,35
"Fulton",5.68170327691155e-19,0.908495847316655,36
"Fulton",5.68170327691155e-19,0.936922558492097,37
"Fulton",5.68170327691155e-19,0.959212012765175,38
"Fulton",5.68170327691155e-19,0.975126035939183,39
"Fulton",5.68170327691155e-19,0.982899120177877,40
"Fulton",5.68170327691155e-19,0.981587436579052,41
"Fulton",5.68170327691155e-19,0.960804021671833,42
"Fulton",5.68170327691155e-19,0.924755658863103,43
"Fulton",5.68170327691155e-19,0.901822740917989,44
"Fulton",5.68170327691155e-19,0.867674959137208,45
"Fulton",5.68170327691155e-19,0.800921773892712,46
"Fulton",5.68170327691155e-19,0.73666090440312,47
"Fulton",5.68170327691155e-19,0.686774101547688,48
"Fulton",5.68170327691155e-19,0.649874654601522,49
"Fulton",5.68170327691155e-19,0.624061960514996,50
"Fulton",5.68170327691155e-19,0.583326992655667,51
"Fulton",5.68170327691155e-19,0.568760391431503,52
"Fulton",5.68170327691155e-19,0.541011325349411,53
"Fulton",5.68170327691155e-19,0.525822075893086,54
"Fulton",5.68170327691155e-19,0.525034157267579,55
"Fulton",5.68170327691155e-19,0.603753551390224,56
"Fulton",5.68170327691155e-19,0.485958538122161,57
"Fulton",5.68170327691155e-19,0.616699067530364,58
"Fulton",5.68170327691155e-19,0.494256544858057,59
"Fulton",5.68170327691155e-19,0.796687316633852,60
"Fulton",5.68170327691155e-19,0.664477486990525,61
"Genesee",-0.0254842799673937,0.039956015341271,1
"Genesee",-0.0541283807714555,0.0606812614517729,2
"Genesee",-0.0522768217468114,0.0717911229468902,3
"Genesee",-0.0377908563894055,0.092516369057392,4
"Genesee",-0.0350168344032703,0.122856999783278,5
"Genesee",-0.0431804224465924,0.153197630509165,6
"Genesee",-0.0490312046558733,0.183538261235051,7
"Genesee",-0.0482236362731102,0.213878891960938,8
"Genesee",-0.0462574240557327,0.244219522686824,9
"Genesee",-0.0474228907677731,0.274560153412711,10
"Genesee",-0.0503302760340614,0.304900784138597,11
"Genesee",-0.0521945330760847,0.335241414864484,12
"Genesee",-0.0527560714547909,0.36558204559037,13
"Genesee",-0.0534056183154638,0.395922676316256,14
"Genesee",-0.0547808902404953,0.426263307042143,15
"Genesee",-0.0563698716636062,1.45660393776803,16
"Genesee",-0.0576489097455328,5.48694456849392,17
"Genesee",-0.0587027795038795,3.5172851992198,18
"Genesee",-0.0598409386765255,7.54762582994569,19
"Genesee",-0.0611293410201987,11.5779664606716,20
"Genesee",-0.0624267830524592,17.6083070913975,21
"Genesee",-0.0636474177648541,18.6386477221233,22
"Genesee",-0.0648356549416276,15.6689883528492,23
"Genesee",-0.066053183301564,7.69932898357512,24
"Genesee",-0.0672984921517212,3.72966961430101,25
"Genesee",-0.0685381696846915,1.55808716810382,26
"Genesee",-0.0697610228957349,0.626889337291241,27
"Genesee",-0.0709808351232795,0.868768429555589,28
"Genesee",-0.0722085197848119,1.37026290643532,29
"Genesee",-0.0734406516948223,1.86214199869967,30
"Genesee",-0.0746701859455544,2.20017493711786,31
"Genesee",-0.0758964177876306,2.41320787553606,32
"Genesee",-0.0771228478577789,2.50124081395425,33
"Genesee",-0.0783511087180703,2.56042759852629,34
"Genesee",-0.0795799213809913,2.6388451523291,35
"Genesee",-0.0808079567004322,2.69803193690114,36
"Genesee",-0.0820354188668342,2.72837256762703,37
"Genesee",-0.0832630894065911,2.7683285829683,38
"Genesee",-0.0844911401623363,2.80828459830957,39
"Genesee",-0.0857192164242612,2.83862522903546,40
"Genesee",-0.0869470992564615,2.86896585976134,41
"Genesee",-0.0881748990390886,2.88969110587185,42
"Genesee",-0.0894027720635173,2.88157019813619,43
"Genesee",-0.0906307156394907,2.85421852116977,44
"Genesee",-0.0918586455249115,2.78840530574181,45
"Genesee",-0.093086532902484,2.64566901339078,46
"Genesee",-0.0943144123104698,2.40677887488589,47
"Genesee",-0.0955423115059035,2.10058104407332,48
"Genesee",-0.0967702220532681,1.81361398249151,49
"Genesee",-0.0979981261337707,1.63241615167894,50
"Genesee",-0.0992260218434703,1.56660293625098,51
"Genesee",-0.100453917992984,1.57771279774609,52
"Genesee",-0.10168181876061,1.61766881308737,53
"Genesee",-0.102909720952223,1.63839405919787,54
"Genesee",-0.104137621194531,1.64950392069298,55
"Genesee",-0.105365519978121,1.67022916680349,56
"Genesee",-0.106593419276535,1.70056979752937,57
"Genesee",-0.107821319537061,1.73091042825526,58
"Genesee",-0.109049219868763,1.76125105898115,59
"Genesee",-0.110277119713386,1.79159168970703,60
"Genesee",-0.111505019345178,1.82193232043292,61
"Greene",4.71893189300537e-10,-0.00610921798398556,1
"Greene",0.0898836226296515,-0.0177145020536254,2
"Greene",4.71893191189565e-10,-0.0389351707386499,3
"Greene",4.71893191189565e-10,-0.0601558394236745,4
"Greene",4.71893191189565e-10,-0.0717611234933144,5
"Greene",4.71893191189565e-10,-0.0737510229475697,6
"Greene",4.71893191189566e-10,-0.075740922401825,7
"Greene",4.71893191189564e-10,-0.0777308218560803,8
"Greene",0.0898836226296515,-0.0797207213103356,9
"Greene",0.0898836226296515,0.918289379235409,10
"Greene",0.808952599891718,0.916299479781154,11
"Greene",0.898836222049476,2.9143095803269,12
"Greene",0.808952599891718,0.912319680872643,13
"Greene",2.60662504304688,2.91032978141839,14
"Greene",2.15720693225809,3.90833988196413,15
"Greene",1.7077888214693,1.90634998250988,16
"Greene",1.43813795499603,0.904360083055622,17
"Greene",1.61790519931154,-0.0976298163986333,18
"Greene",1.79767244362706,0.900380284147111,19
"Greene",1.52802157715379,0.898390384692856,20
"Greene",1.25837071068051,-0.103599514761399,21
"Greene",0.449418111260685,-0.105589414215655,22
"Greene",0.359534489102927,1.89242068633009,23
"Greene",0.71906897773396,-0.109569213124165,24
"Greene",0.629185355576202,0.88844088742158,25
"Greene",0.269650866945169,-0.882779781263445,26
"Greene",0.71906897773396,-0.855923526871546,27
"Greene",4.71893746301077e-10,-0.829067272479648,28
"Greene",4.71893746301081e-10,-0.638749479626211,29
"Greene",0.269650866945169,-0.352277840618928,30
"Greene",0.269650866945169,-0.161960047765491,31
"Greene",0.17976724478741,-0.0197191779889768,32
"Greene",0.449418111260685,0.074444768710614,33
"Greene",4.71893746301077e-10,0.130147176948666,34
"Greene",4.71893746301077e-10,0.185849585186719,35
"Greene",4.71893746301077e-10,0.251167378040156,36
"Greene",4.71893746301077e-10,0.26840824781667,37
"Greene",4.71893746301077e-10,0.237572194516261,38
"Greene",4.71893746301077e-10,0.197120756600467,39
"Greene",4.71893746301077e-10,0.156669318684673,40
"Greene",4.71893746301077e-10,0.0873717269227255,41
"Greene",4.71893746301077e-10,0.0276895197761625,42
"Greene",4.71893746301077e-10,-0.00314653352424665,43
"Greene",4.71893746301077e-10,-0.0147518175938866,44
"Greene",4.71893746301077e-10,-0.0263571016635264,45
"Greene",4.71893746301077e-10,-0.047577770348551,46
"Greene",4.71893746301077e-10,-0.0591830544181909,47
"Greene",4.71893746301077e-10,-0.0515575692570616,48
"Greene",4.71893746301077e-10,-0.0631628533267015,49
"Greene",4.71893746301076e-10,-0.0843835220117261,50
"Greene",4.71893746301076e-10,-0.095988806081366,51
"Greene",4.71893746301076e-10,-0.107594090151006,52
"Greene",5.14309215426985e-10,-0.109583989605261,53
"Greene",0.00807906604650788,-0.121189273674901,54
"Greene",5.14309215007835e-10,-0.142409942359926,55
"Greene",5.14309215007835e-10,-0.16363061104495,56
"Greene",5.14309215007835e-10,-0.17523589511459,57
"Greene",5.14309215007835e-10,-0.177225794568845,58
"Greene",5.14309215007836e-10,-0.179215694023101,59
"Greene",5.14309215007835e-10,-0.181205593477356,60
"Greene",0.00807906604650788,-0.183195492931611,61
"Hamilton",0.15677100535182,-0.000152982521058997,1
"Hamilton",0.218881613156744,-0.0018875669340488,2
"Hamilton",0.235671773901654,0.133580030264714,3
"Hamilton",0.286419864469268,-0.0218099677651416,4
"Hamilton",0.296275597854434,-0.0254786543422736,5
"Hamilton",0.28146859127918,-0.0269808147366702,6
"Hamilton",0.279497431400817,-0.0272326015504603,7
"Hamilton",0.289148348566024,-0.0268144482630554,8
"Hamilton",0.287653450550433,-0.0260831165715428,9
"Hamilton",0.28208539635278,0.0360887956667955,10
"Hamilton",0.435920134429113,0.344845000192222,11
"Hamilton",0.287301108406844,-0.0697074240399532,12
"Hamilton",0.436363484364862,0.294296361176809,13
"Hamilton",0.586721432439397,0.422975253738482,14
"Hamilton",0.441404287197928,0.270969741665844,15
"Hamilton",0.83110069443425,0.669934429134778,16
"Hamilton",1.34441686193241,1.21760342188723,17
"Hamilton",0.950536955486592,0.426681979141904,18
"Hamilton",0.4369477686329,-0.722177346005973,19
"Hamilton",0.376463490080228,-0.457408655608445,20
"Hamilton",0.376091237142696,-0.352181244783439,21
"Hamilton",0.405361774773832,0.21567548080618,22
"Hamilton",0.527845736334922,0.00435084979946432,23
"Hamilton",0.768302672824969,0.737890278822451,24
"Hamilton",0.405466752567872,-0.232539454555029,25
"Hamilton",0.285264168714053,-0.558345243522277,26
"Hamilton",0.801086982505898,0.523372800155573,27
"Hamilton",0.258592418740843,-0.304545379848757,28
"Hamilton",0.436586007738644,-0.202645884735272,29
"Hamilton",0.289639492075916,-0.347191948974649,30
"Hamilton",0.43658731205617,-0.0969729465328593,31
"Hamilton",0.28519505124822,-0.339916115360702,32
"Hamilton",0.285217092998991,-0.266414271568391,33
"Hamilton",0.285217806520471,-0.20837151404285,34
"Hamilton",0.285204026363597,-0.162769795759265,35
"Hamilton",0.285207425739699,-0.126526171514063,36
"Hamilton",0.285214981684111,-0.0975914050924807,37
"Hamilton",0.285210786764134,-0.07440668496238,38
"Hamilton",0.285207267611907,-0.0557752317840087,39
"Hamilton",0.285210836370996,-0.040769703603704,40
"Hamilton",0.285212068330321,-0.0286651572193067,41
"Hamilton",0.285209494156635,-0.0188902359116379,42
"Hamilton",0.285209368353751,-0.0109913621237841,43
"Hamilton",0.285211080798836,-0.00460622954563913,44
"Hamilton",0.285210778438858,0.000556028102343903,45
"Hamilton",0.285209613721718,0.00362125304798996,46
"Hamilton",0.28521005349834,0.0050765608363675,47
"Hamilton",0.285210996826719,0.00616367618320095,48
"Hamilton",0.285210420699535,0.00672416601733708,49
"Hamilton",0.285211971121598,0.00691878571802767,50
"Hamilton",0.285215305487893,0.00687022877386547,51
"Hamilton",0.28521157393361,0.00617241396869395,52
"Hamilton",0.308943571216769,0.00563118891239104,53
"Hamilton",0.318330137281602,0.00389660449940124,54
"Hamilton",0.315198698855855,0.139364201698165,55
"Hamilton",0.328538324694447,-0.0160257963316916,56
"Hamilton",0.330061978696841,-0.0196944829088236,57
"Hamilton",0.327804663808554,-0.0211966433032201,58
"Hamilton",0.327506278687639,-0.0214484301170103,59
"Hamilton",0.328983073997305,-0.0210302768296053,60
"Hamilton",0.328756776733662,-0.0202989451380927,61
"Herkimer",0.000546688023770558,0.0286918949714365,1
"Herkimer",-1.14473427734676,-0.0626680225721978,2
"Herkimer",-0.426195938511537,-0.0365548989379487,3
"Herkimer",-0.40638539525015,-0.0537463289819735,4
"Herkimer",-0.955559433803213,-0.0561269426207718,5
"Herkimer",-0.459631438244712,-0.00289748110821453,6
"Herkimer",0.48018403164271,0.178796938470506,7
"Herkimer",0.718846947345579,0.515694373413206,8
"Herkimer",-0.321767527165084,0.279255722850249,9
"Herkimer",0.0760905189719507,-0.0849343611052991,10
"Herkimer",-0.743830240933398,-0.270732178119772,11
"Herkimer",1.01531841242143,-0.274795918358168,12
"Herkimer",1.91912826144825,1.0493281606066,13
"Herkimer",1.65587839252067,1.97077977392195,14
"Herkimer",4.13449479224065,3.11758208431921,15
"Herkimer",3.0461327484567,2.4075630132536,16
"Herkimer",8.2343872607814,0.762946293933568,17
"Herkimer",11.3145332768368,8.39737487136851,18
"Herkimer",15.72806222673,6.50964409816602,19
"Herkimer",18.2745495385358,7.94255228396329,20
"Herkimer",18.3679197260044,9.26145667156897,21
"Herkimer",6.73553726575166,5.28199421055878,22
"Herkimer",4.56163380126473,4.18503085283033,23
"Herkimer",1.47143671882061,3.97355054620056,24
"Herkimer",1.21833179626968,1.3076644291156,25
"Herkimer",1.28758632341014,-0.609739281390238,26
"Herkimer",-0.251166503936658,-1.06214487017984,27
"Herkimer",2.68324006936584,-1.31085024786972,28
"Herkimer",3.88346648369283,-0.557596682480464,29
"Herkimer",0.557574459698202,-0.516141480176296,30
"Herkimer",0.77307264732853,0.895300404674522,31
"Herkimer",0.255279039035627,0.90932481245558,32
"Herkimer",-0.256127349175719,1.11647403665974,33
"Herkimer",-0.621560343225947,1.21198050746663,34
"Herkimer",-0.618528292903374,1.33351942825475,35
"Herkimer",-0.616432037358707,1.34972764277309,36
"Herkimer",-0.62059792464428,1.36860195087695,37
"Herkimer",-0.618249820923527,1.38845875523305,38
"Herkimer",-0.617394102500107,1.39191373701043,39
"Herkimer",-0.619905494726202,1.37637259413225,40
"Herkimer",-0.618192018761514,1.3416153067643,41
"Herkimer",-0.617953550470303,1.304124535046,42
"Herkimer",-0.619426801306955,1.29939845204431,43
"Herkimer",-0.618229208920461,1.24193190567995,44
"Herkimer",-0.618268475476154,1.12663281718988,45
"Herkimer",-0.619106415925854,1.01959042692422,46
"Herkimer",-0.618297557189341,0.881372473478622,47
"Herkimer",-0.618438787894143,0.746562150155169,48
"Herkimer",-0.61889792549658,0.653829166255648,49
"Herkimer",-0.618367322768016,0.583937865446136,50
"Herkimer",-0.618526070492415,0.541837858406156,51
"Herkimer",-0.618765710631592,0.537821224280714,52
"Herkimer",-0.642764303571352,0.56651311925215,53
"Herkimer",-0.815174266797119,0.475153201708516,54
"Herkimer",-0.691878729428135,0.501266325342765,55
"Herkimer",-0.688294518542106,0.48407489529874,56
"Herkimer",-0.782696017340271,0.481694281659942,57
"Herkimer",-0.69755785320002,0.534923743172499,58
"Herkimer",-0.707914904463402,0.71661816275122,59
"Herkimer",-0.760444047009479,1.05351559769392,60
"Herkimer",-0.70397175336347,0.817076947130962,61
"Jefferson",0.117009551003213,-0.0264618044381986,1
"Jefferson",-0.0021523882819971,-0.0144620704148579,2
"Jefferson",0.118446549062212,0.0167684328392514,3
"Jefferson",-0.00323560685405977,0.0576143207087458,4
"Jefferson",0.243490106280088,0.0888448239628552,5
"Jefferson",0.120521701604904,0.11045994260158,6
"Jefferson",0.119449911311523,0.141690445855689,7
"Jefferson",0.120150097838448,1.18253633372518,8
"Jefferson",0.74147627326025,0.223382221594678,9
"Jefferson",0.244168824990722,0.264228109464172,10
"Jefferson",0.104499195492343,0.305073997333666,11
"Jefferson",0.167664760947537,0.34591988520316,12
"Jefferson",0.92928391666739,0.386765773072654,13
"Jefferson",2.01825560415257,0.427611660942148,14
"Jefferson",3.52598459916095,1.46845754881164,15
"Jefferson",4.10399473960906,1.50930343668114,16
"Jefferson",9.40366422388094,4.55014932455063,17
"Jefferson",16.5147119205209,12.5909952124201,18
"Jefferson",31.9281783401322,17.6318411002896,19
"Jefferson",19.8891550788866,13.6726869881591,20
"Jefferson",15.2536227820355,10.7135328760286,21
"Jefferson",15.4681925052564,5.7543787638981,22
"Jefferson",6.99823830548631,10.7952246517676,23
"Jefferson",6.05472342838819,13.8360705396371,24
"Jefferson",4.41187934387272,2.87691642750658,25
"Jefferson",4.68159504173547,1.54276231537608,26
"Jefferson",3.68525873222099,1.6316851263225,27
"Jefferson",2.14377099381899,1.77830024496122,28
"Jefferson",1.92220282303535,2.10760767129225,29
"Jefferson",1.0597814654421,2.4272997130079,30
"Jefferson",0.473959971560575,2.66045329318509,31
"Jefferson",0.378620426065871,2.88399148874689,32
"Jefferson",0.261789627702993,3.01137583815484,33
"Jefferson",-0.00430473008657689,3.09068326448588,34
"Jefferson",-0.00430480746813922,3.15075992158614,35
"Jefferson",-0.00430475223831178,3.19160580945563,36
"Jefferson",-0.00430479165635059,3.23245169732513,37
"Jefferson",-0.00430476352522211,3.27329758519462,38
"Jefferson",-0.00430478359867076,3.31414347306412,39
"Jefferson",-0.0043047692786292,3.35498936093361,40
"Jefferson",-0.00430477948909091,3.38621986418772,41
"Jefferson",-0.00430477221612901,3.40783498282645,42
"Jefferson",-0.00430477738646945,3.4102193322344,43
"Jefferson",-0.00430477372523638,3.30683445087313,44
"Jefferson",-0.00430477629764261,3.06883418489647,45
"Jefferson",-0.00430477451877138,2.82121853430442,46
"Jefferson",-0.00430477570830792,2.64091057602007,47
"Jefferson",-0.0043047749715567,2.53752569465879,48
"Jefferson",-0.00430477534009579,2.43414081329752,49
"Jefferson",-0.00430477529746347,2.25383285501317,50
"Jefferson",-0.00430477501908292,2.15044797365189,51
"Jefferson",-0.00430477565043423,2.12398616921369,52
"Jefferson",-0.00522241650676613,2.0975243647755,53
"Jefferson",-0.00456744203828661,2.10952409879884,54
"Jefferson",-0.00503493599455491,2.14075460205295,55
"Jefferson",-0.00470125795111187,2.18160048992244,56
"Jefferson",-0.00493942367535938,2.21283099317655,57
"Jefferson",-0.00476943073359717,2.23444611181527,58
"Jefferson",-0.00489076473470196,2.26567661506938,59
"Jefferson",-0.0048041614929939,3.30652250293888,60
"Jefferson",-0.0048659753407699,2.34736839080837,61
"Kings",-0.26040835309063,0.592858608082896,1
"Kings",-0.185211550608032,3.21332388563336,2
"Kings",0.406325100436728,1.82675171779031,3
"Kings",2.2416403261573,4.47514677266271,4
"Kings",1.35764896832021,9.94340266873481,5
"Kings",2.12244633196017,17.8257493301595,6
"Kings",1.96173238031828,19.7150109173932,7
"Kings",3.72139840537328,16.1875252981943,8
"Kings",6.98093980068072,29.6754847930071,9
"Kings",15.2567684340562,51.9558923211615,10
"Kings",31.1638280284563,97.5325109152984,11
"Kings",39.7184899709,105.637090711938,12
"Kings",38.1028631805958,115.991281905482,13
"Kings",55.6514605539712,107.471272342318,14
"Kings",102.071599911989,130.938681399539,15
"Kings",163.262975379477,100.199316284303,16
"Kings",210.683487009036,85.3213659974306,17
"Kings",347.906538173273,98.6592959653851,18
"Kings",318.59146037862,65.5791692654125,19
"Kings",365.03713193114,87.3516880042504,20
"Kings",473.889978821842,96.4556661036234,21
"Kings",138.824584663713,-35.5952151673217,22
"Kings",73.1337918653637,22.682853944776,23
"Kings",49.8397316230957,13.6341300273704,24
"Kings",37.1174805272597,5.04644942166252,25
"Kings",40.0224808006182,16.9454497589366,26
"Kings",28.8426571055367,4.98522898925931,27
"Kings",18.4033696362649,-2.00025411589855,28
"Kings",8.94987696239588,65.5066358068427,29
"Kings",11.468933492682,35.9980952995043,30
"Kings",6.19562282827697,12.7120390927521,31
"Kings",2.16382830657126,12.4011909830148,32
"Kings",2.35399665009733,15.0468015559214,33
"Kings",0.0102898487676577,13.9374348779599,34
"Kings",0.0102898487676577,18.953814988299,35
"Kings",0.0102898487676577,20.1149873496698,36
"Kings",0.0102898487676577,19.9736169635798,37
"Kings",0.0102898487676577,19.373951935811,38
"Kings",0.0102898487676577,18.5310718524331,39
"Kings",0.0102898487676577,17.4937337567911,40
"Kings",0.0102898487676577,16.4205538991633,41
"Kings",0.0102898487676577,15.3050733402039,42
"Kings",0.0102898487676577,14.3618905474899,43
"Kings",0.0102898487676577,13.5919260103275,44
"Kings",0.0102898487676577,12.8143269715818,45
"Kings",0.0102898487676577,11.840075211624,46
"Kings",0.0102898487676577,10.8482937393633,47
"Kings",0.0102898487676577,10.1823440185153,48
"Kings",0.0102898487676577,9.78655185144253,49
"Kings",0.0102898487676577,9.49745348309186,50
"Kings",0.0102898487676577,9.38486583219236,51
"Kings",0.0127819369115863,10.7437462648339,52
"Kings",0.0127819369115863,11.3366048729168,53
"Kings",0.0127819369115863,13.9570701504673,54
"Kings",0.0127819369115863,12.5704979826243,55
"Kings",0.0127819369115863,15.2188930374967,56
"Kings",0.0127819369115863,20.6871489335688,57
"Kings",0.0127819369115863,28.5694955949935,58
"Kings",0.0127819369115863,30.4587571822272,59
"Kings",0.0127819369115863,26.9312715630282,60
"Kings",0.0127819369115863,40.419231057841,61
"Lewis",0,-0.0232684573266064,1
"Lewis",0,-0.0592090657174189,2
"Lewis",0,-0.133563259629292,3
"Lewis",0,-0.217353937568465,4
"Lewis",0,-0.0691492299043395,5
"Lewis",0,-0.0858685888613402,6
"Lewis",0,0.277555475576579,7
"Lewis",0,0.153614008951027,8
"Lewis",0,1.47095456744192,9
"Lewis",0,0.53001428447096,10
"Lewis",0,-0.209685581022853,11
"Lewis",0,-0.377930784078887,12
"Lewis",0,2.44855292147409,13
"Lewis",0,1.04250876994498,14
"Lewis",0,2.56739127821413,15
"Lewis",0,3.36766599504503,16
"Lewis",0,4.41810760741621,17
"Lewis",0,6.14001172584019,18
"Lewis",0,14.3473296525578,19
"Lewis",0,14.5760036879839,20
"Lewis",0,12.083990651215,21
"Lewis",0,10.3730499786084,22
"Lewis",0,3.89625438212985,23
"Lewis",0,3.80882177097494,24
"Lewis",0,3.64197852574298,25
"Lewis",0,1.70479625388726,26
"Lewis",0,0.840700604966518,27
"Lewis",0,1.18072041148517,28
"Lewis",0,1.55512694687062,29
"Lewis",0,1.57045842070366,30
"Lewis",0,1.09325467496755,31
"Lewis",0,2.33068887318121,32
"Lewis",0,2.39990404942517,33
"Lewis",0,2.72758631880023,34
"Lewis",0,2.89204708371354,35
"Lewis",0,2.97832238547861,36
"Lewis",0,3.04003448940517,37
"Lewis",0,3.09128144792031,38
"Lewis",0,3.11925381904526,39
"Lewis",0,3.1282455127397,40
"Lewis",0,3.13351384805225,41
"Lewis",0,3.1250833288533,42
"Lewis",0,3.11230914211876,43
"Lewis",0,3.1040177735581,44
"Lewis",0,3.03279087110124,45
"Lewis",0,2.86108269577609,46
"Lewis",0,2.63889748124194,47
"Lewis",0,2.44795187278675,48
"Lewis",0,2.33249354391321,49
"Lewis",0,2.28419786606133,50
"Lewis",0,2.27692541241036,51
"Lewis",0,2.34297361905575,52
"Lewis",0,2.31970516172914,53
"Lewis",0,2.28376455333833,54
"Lewis",0,2.20941035942646,55
"Lewis",0,2.12561968148729,56
"Lewis",0,2.27382438915141,57
"Lewis",0,2.25710503019441,58
"Lewis",0,2.62052909463233,59
"Lewis",0,2.49658762800678,60
"Lewis",0,3.81392818649767,61
"Livingston",0.621813972748566,-0.0841954512321403,1
"Livingston",1.22500402693851,-0.0143228043009935,2
"Livingston",1.7171871642649,-0.0426183807309044,3
"Livingston",2.11879232831848,-0.337318294038958,4
"Livingston",2.53132411692291,-0.0204091332425871,5
"Livingston",2.71387839598736,-0.071383293170501,6
"Livingston",2.9320594138205,0.280279833610424,7
"Livingston",3.110087909344,1.68993759490322,8
"Livingston",3.25535327446665,1.22205916588855,9
"Livingston",3.45872026404456,0.890389830452387,10
"Livingston",3.72510875022939,3.88365799958674,11
"Livingston",4.39787420767508,6.53613812467355,12
"Livingston",4.88644550933132,4.33238768598066,13
"Livingston",4.42997818738671,1.31796927333728,14
"Livingston",5.49087559064377,2.73556606162928,15
"Livingston",5.69553014367022,2.48521326666035,16
"Livingston",8.52363939401525,9.25322453871773,17
"Livingston",8.71660235124637,6.57917081031921,18
"Livingston",10.1778075593582,8.66076894597128,19
"Livingston",13.9260669559165,15.7614489236957,20
"Livingston",9.44245256295586,0.927424470435141,21
"Livingston",6.73804975278565,0.69684928609125,22
"Livingston",6.1526281197928,5.1507709820019,23
"Livingston",7.09269057721063,8.35103191821475,24
"Livingston",6.41961801914394,6.35012689415147,25
"Livingston",7.01804196156088,5.80568356733547,26
"Livingston",5.83408319240468,-0.267598438243554,27
"Livingston",5.24328388323766,-3.97542926086785,28
"Livingston",4.65192373720147,-3.57427763024799,29
"Livingston",4.82362326559148,-1.36965290083901,30
"Livingston",4.40110259972565,-1.03710355471984,31
"Livingston",4.23278301289989,0.0375844684204214,32
"Livingston",3.97937955596406,0.401623365213732,33
"Livingston",3.89544374849792,0.948907812257598,34
"Livingston",3.89617766828309,1.4641291079396,35
"Livingston",3.89677652255778,1.63464507426732,36
"Livingston",3.89726516784242,1.69898113646551,37
"Livingston",3.89766388623568,1.72929909141919,38
"Livingston",3.89798922725936,1.75075296616249,39
"Livingston",3.89825469477597,1.75831242275567,40
"Livingston",3.89847130749079,1.75358829111736,41
"Livingston",3.89864805630291,1.74205158565675,42
"Livingston",3.8987922774887,1.7040422925195,43
"Livingston",3.89890995720705,1.63672416888567,44
"Livingston",3.89900597996567,1.53689171233079,45
"Livingston",3.89908433136133,1.40908734353986,46
"Livingston",3.89914826350919,1.26882533919323,47
"Livingston",3.89920043002766,1.13126116673518,48
"Livingston",3.89924299618165,1.0083956108405,49
"Livingston",3.89927772875568,0.88685137355985,50
"Livingston",3.89930606938752,0.758486872822913,51
"Livingston",3.8993291944059,0.677196277640229,52
"Livingston",3.952099810857,0.593000826408089,53
"Livingston",4.00328698985425,0.662873473339236,54
"Livingston",4.04505403520713,0.634577896909324,55
"Livingston",4.0791345630206,0.339877983601271,56
"Livingston",4.11414016726928,0.656787144397642,57
"Livingston",4.12963403139371,0.605812984469728,58
"Livingston",4.14814904293286,0.957476111250653,59
"Livingston",4.16325668007587,2.36713387254345,60
"Livingston",4.17558401239009,1.89925544352878,61
"Madison",0.000100486120478346,-0.0666686830721579,1
"Madison",-0.00177298228975656,-0.123847241640881,2
"Madison",-0.00296914377065075,0.789912644082897,3
"Madison",-0.00321731786370251,0.00422132403678765,4
"Madison",-0.00724774728410524,-0.0646951593340355,5
"Madison",-0.00193630014128861,0.305961863734967,6
"Madison",0.0663390976328842,-0.0555066754296851,7
"Madison",0.0662195761023955,1.00774234155218,8
"Madison",0.0474161312783999,0.314016351854742,9
"Madison",0.400761523048209,0.122690940033825,10
"Madison",0.332773480923897,0.122795421593217,11
"Madison",0.663209855842098,-0.400613513618721,12
"Madison",1.34613674795058,0.683126494487284,13
"Madison",1.31476790521406,0.724535226510438,14
"Madison",2.54745156095684,1.14198602384032,15
"Madison",2.67844923555323,1.60208529157436,16
"Madison",3.82907421158656,1.28753021637055,17
"Madison",3.81050710232489,6.57036415589788,18
"Madison",4.82263017310655,11.9825617357798,19
"Madison",4.41184972307714,9.20569683367148,20
"Madison",3.70817248424194,13.5802736865097,21
"Madison",1.16644623537445,5.67310725235202,22
"Madison",2.08682591780984,7.5713390474604,23
"Madison",1.51527021059829,3.16341370560398,24
"Madison",0.706371563066372,5.26792969046366,25
"Madison",0.948987090938448,1.11760401698844,26
"Madison",1.20998672538081,-0.460122441382452,27
"Madison",1.48827866349039,-0.525203423690143,28
"Madison",0.926028122728971,0.977536702461251,29
"Madison",0.583262786035331,0.123743153016368,30
"Madison",0.329122968279632,1.07688774850157,31
"Madison",0.333037659770455,1.31403325860384,32
"Madison",0.269629409680019,1.50665812232461,33
"Madison",-0.00210307656227049,1.63907704038553,34
"Madison",-0.00210275733042192,1.89572180882934,35
"Madison",-0.00210298808053454,1.9703196476684,36
"Madison",-0.00210341152601974,2.01081475124838,37
"Madison",-0.00210368142775426,2.03707482845247,38
"Madison",-0.00210368181506464,2.0607060758374,39
"Madison",-0.00210351456177152,2.09157157346056,40
"Madison",-0.00210335110802788,2.11596766036231,41
"Madison",-0.00210329548050054,2.12368124016611,42
"Madison",-0.00210334271464243,2.13607296932972,43
"Madison",-0.00210342335707341,2.10249627291291,44
"Madison",-0.00210347271580949,1.96718461240602,45
"Madison",-0.00210347079765346,1.81289984836774,46
"Madison",-0.00210343827053535,1.63875458277862,47
"Madison",-0.00210340771983825,1.46862195899705,48
"Madison",-0.00210339810671096,1.35354051377192,49
"Madison",-0.00210340769897027,1.27968566796982,50
"Madison",-0.00210342302772887,1.22160216354954,51
"Madison",-0.00210343203897785,1.18793514917522,52
"Madison",-0.00209660333413533,1.12655679289472,53
"Madison",-0.00222389798372271,1.06937823432599,54
"Madison",-0.00230513720184081,1.98313812004977,55
"Madison",-0.00232199883389052,1.19744680000366,56
"Madison",-0.00228212943442595,1.12853031663284,57
"Madison",-0.00223481889913175,1.49918733970184,58
"Madison",-0.0022126843764118,1.13771880053719,59
"Madison",-0.0022207252954405,2.20096781751905,60
"Madison",-0.00224222876459008,1.50724182782162,61
"Monroe",0.349816042826051,-0.444120684446609,1
"Monroe",0.139920978236428,-0.667087522739365,2
"Monroe",-9.06482332121983e-06,0.292637946660186,3
"Monroe",0.279851021296176,-0.54571350701719,4
"Monroe",0.209885999766302,-0.230218806848406,5
"Monroe",0.419781064355925,0.142968201012678,6
"Monroe",0.489746085885799,0.554616747335302,7
"Monroe",0.34981604282605,0.975880678273313,8
"Monroe",0.839571193535171,1.39714460921132,9
"Monroe",3.14841690402103,4.81840854014935,10
"Monroe",4.68764737767826,2.2396724710873,11
"Monroe",10.4947441646578,7.66093640202531,12
"Monroe",15.1124355856295,20.0822003329633,13
"Monroe",21.3393225017884,37.5034642639014,14
"Monroe",26.5866991165289,37.9247281948394,15
"Monroe",28.4057896763057,82.3459921257774,16
"Monroe",36.1719070661217,98.7672560567154,17
"Monroe",46.4567652310133,118.188519987653,18
"Monroe",51.4942467811642,190.609783918591,19
"Monroe",46.596695274073,224.031047849529,20
"Monroe",42.2588639392208,202.452311780467,21
"Monroe",27.4962443964173,137.873575711405,22
"Monroe",19.310336877422,127.294839642343,23
"Monroe",20.6396722864896,99.7161035732815,24
"Monroe",18.6806516836531,84.1373675042195,25
"Monroe",28.1259295901862,3.75093912746519,26
"Monroe",22.0389727170871,4.54720305840321,27
"Monroe",15.2523656286893,6.34346698934122,28
"Monroe",10.8445692723072,11.90896168951,29
"Monroe",7.20638815275374,17.9263794666019,30
"Monroe",5.59719265756663,26.0880280129245,31
"Monroe",4.05796218390939,32.297753482324,32
"Monroe",1.81908149495341,35.4209404901851,33
"Monroe",-9.06482332263536e-06,37.2941274980462,34
"Monroe",-9.06482332263536e-06,38.1480837366765,35
"Monroe",-9.06482332263536e-06,38.8097322829991,36
"Monroe",-9.06482332263536e-06,39.4233039062449,37
"Monroe",-9.06482332263536e-06,40.1618755294906,38
"Monroe",-9.06482332263536e-06,40.919677921967,39
"Monroe",-9.06482332263536e-06,41.0813264682897,40
"Monroe",-9.06482332263536e-06,40.887205783843,41
"Monroe",-9.06482332263536e-06,40.2700081763195,42
"Monroe",-9.06482332263536e-06,39.7681951841806,43
"Monroe",-9.06482332263536e-06,39.1894591151186,44
"Monroe",-9.06482332263536e-06,37.0241845845182,45
"Monroe",-9.06482332263536e-06,33.5800639000716,46
"Monroe",-9.06482332263536e-06,30.0205586002403,47
"Monroe",-9.06482332263536e-06,27.3648994542553,48
"Monroe",-9.06482332263536e-06,25.4496249236548,49
"Monroe",-9.06482332263536e-06,23.8708888545928,50
"Monroe",-9.06482332263536e-06,22.7056143239924,51
"Monroe",-9.06482332263536e-06,21.9057244087765,52
"Monroe",0.0244658221444975,21.4616037243299,53
"Monroe",0.0097805094314701,21.2386368860372,54
"Monroe",-9.6990438814698e-06,22.1983623554367,55
"Monroe",0.0195707179068217,21.3600109017594,56
"Monroe",0.0146756136691459,21.6755056019281,57
"Monroe",0.0293609263821732,22.0486926097892,58
"Monroe",0.034256030619849,22.4603411561119,59
"Monroe",0.0244658221444975,22.8816050870499,60
"Monroe",0.0587315518082279,23.3028690179879,61
"Montgomery",-0.000201628793592815,-0.0867681686700021,1
"Montgomery",-1.44248203158456e-07,-0.0863776329202337,2
"Montgomery",-0.000182115198365918,-0.0827497257586376,3
"Montgomery",-1.36592905785516e-05,-0.0792498979302225,4
"Montgomery",-0.00019544014055243,-0.0302503369133778,5
"Montgomery",-5.01316708961717e-05,-0.116087802346261,6
"Montgomery",-0.000116939036090137,-0.0940556557631704,7
"Montgomery",0.314685435822062,0.918628636959562,8
"Montgomery",0.282300473701918,0.981686180836562,9
"Montgomery",-0.00199455472858606,0.279105029254402,10
"Montgomery",0.50993960339438,0.371424876900202,11
"Montgomery",0.84660579361963,0.324001292251343,12
"Montgomery",0.618073676749922,1.20894742455795,13
"Montgomery",2.7955459527416,0.839628900567796,14
"Montgomery",3.87947634255694,0.277204966886764,15
"Montgomery",5.53890424868427,0.741729499880014,16
"Montgomery",4.80440542959954,-0.484228892735888,17
"Montgomery",6.70018928117057,1.30382026307051,18
"Montgomery",9.06067334020104,1.74033120598169,19
"Montgomery",8.32221378863566,2.46537155438106,20
"Montgomery",10.5210046306746,4.57711284935785,21
"Montgomery",3.86234492727698,-0.816945985046578,22
"Montgomery",2.97942170405075,2.64434392488637,23
"Montgomery",3.34848350077949,1.6713991784814,24
"Montgomery",3.02797518330122,0.529388843778267,25
"Montgomery",1.60726365584805,-0.525627654279794,26
"Montgomery",0.733805373803756,-0.368346419860999,27
"Montgomery",0.640103854289719,-1.12034217744843,28
"Montgomery",0.141536448640144,-0.465083036634369,29
"Montgomery",0.337956180669145,-0.0223970645260272,30
"Montgomery",0.335279267332387,-0.0894897053275777,31
"Montgomery",0.199060998729014,0.303658395693142,32
"Montgomery",-0.0290798604168186,0.146049719806475,33
"Montgomery",-9.11832942301349e-05,0.341350261034651,34
"Montgomery",-9.11463039220579e-05,0.394809109707826,35
"Montgomery",-9.1189954468575e-05,0.396745274544676,36
"Montgomery",-9.11469222283147e-05,0.399402690596002,37
"Montgomery",-9.11848184740835e-05,0.402647724859532,38
"Montgomery",-9.11544648115968e-05,0.390462361406613,39
"Montgomery",-9.1176358405506e-05,0.37527987954923,40
"Montgomery",-9.11628710282996e-05,0.375149772251373,41
"Montgomery",-9.11685480466343e-05,0.37796107263163,42
"Montgomery",-9.11698325134004e-05,0.381290424835097,43
"Montgomery",-9.11626981840911e-05,0.376912561326337,44
"Montgomery",-9.11744921726034e-05,0.355456313640836,45
"Montgomery",-9.11590537918112e-05,0.322923120743623,46
"Montgomery",-9.1175673091334e-05,0.264938524320963,47
"Montgomery",-9.11609361954145e-05,0.241008141131227,48
"Montgomery",-9.11746674686434e-05,0.239366632367559,49
"Montgomery",-9.11711347316125e-05,0.210785220873873,50
"Montgomery",-9.11486437935639e-05,0.192453060421439,51
"Montgomery",-8.70144753173862e-05,0.177004078990763,52
"Montgomery",-0.000125452555650961,0.0913458926294083,53
"Montgomery",-9.13658840431705e-05,0.0917364283791767,54
"Montgomery",-0.000122368450768225,0.0953643355407728,55
"Montgomery",-9.36273760371834e-05,0.0988641633691879,56
"Montgomery",-0.00011616289739692,0.147863724386033,57
"Montgomery",-9.97577325903095e-05,0.0620262589531499,58
"Montgomery",-0.000111032855723475,0.0840584055362401,59
"Montgomery",-0.000104248907345917,1.09674269825897,60
"Montgomery",-0.000107551865503057,1.15980024213597,61
"Nassau",6.49299570304077,0.608217837326329,1
"Nassau",16.5344611883267,0.238419632741923,2
"Nassau",24.9531377355519,-0.243203724961319,3
"Nassau",32.4282684761709,-1.55154834009574,4
"Nassau",38.8376227659619,6.74065965537629,5
"Nassau",44.5092916660682,13.0354882032927,6
"Nassau",48.9548433315164,11.7549934097389,7
"Nassau",52.2631945929278,22.9488782558005,8
"Nassau",55.3792644350707,35.9129460434749,9
"Nassau",57.1048913423876,76.2687498409732,10
"Nassau",62.0095665499899,130.550196884021,11
"Nassau",71.3694666311837,131.395349279573,12
"Nassau",87.294940900108,214.533656337262,13
"Nassau",98.4867844806334,201.461779490517,14
"Nassau",117.330547011339,216.137032075554,15
"Nassau",117.843139596304,217.191295367439,16
"Nassau",169.664180122545,221.681840310494,17
"Nassau",196.347051260022,209.450801342608,18
"Nassau",244.191756793969,204.897715877779,19
"Nassau",286.503776734068,157.354550374036,20
"Nassau",217.762779255461,134.380375012381,21
"Nassau",125.820403934815,95.8719550174054,22
"Nassau",85.6768287411739,90.9625944798769,23
"Nassau",82.0096437744304,70.0466903587732,24
"Nassau",79.8964677625811,64.3002341640649,25
"Nassau",70.742734784973,21.0214554820866,26
"Nassau",70.9962281081159,-1.63807876360464,27
"Nassau",78.6485806023277,-1.77356356458804,28
"Nassau",69.6663147355087,7.36955091513284,29
"Nassau",63.2754686576096,4.89896874092408,30
"Nassau",60.669472079797,10.2960025936053,31
"Nassau",60.8604514598234,25.0939942690726,32
"Nassau",59.2237710656091,27.7277895087935,33
"Nassau",55.9233493461599,31.235331662209,34
"Nassau",55.9232559982223,39.9023085167523,35
"Nassau",55.9231911295594,43.2169187868949,36
"Nassau",55.9231467923556,44.3399683103025,37
"Nassau",55.9231169797375,44.3246775106433,38
"Nassau",55.9230972650731,43.2823966493378,39
"Nassau",55.9230844553653,41.2915556518497,40
"Nassau",55.9230762906936,39.067950240782,41
"Nassau",55.9230711991803,36.5355711765895,42
"Nassau",55.9230681055153,33.734837336566,43
"Nassau",55.9230662860209,30.8529327627375,44
"Nassau",55.9230652617076,28.0240903112449,45
"Nassau",55.9230647210472,25.551881477068,46
"Nassau",55.9230644652525,23.2599507703137,47
"Nassau",55.9230643701696,21.0372488699026,48
"Nassau",55.9230643601652,19.4255127920672,49
"Nassau",55.9230643905031,18.3293294237961,50
"Nassau",55.9230644356144,17.4441458345524,51
"Nassau",55.9230974613976,20.2369589345172,52
"Nassau",57.0548897233772,20.8451767718435,53
"Nassau",58.6764986237938,20.4753785672591,54
"Nassau",60.1804067881888,19.9937552095559,55
"Nassau",61.5158394755394,18.6854105944214,56
"Nassau",62.6378831354556,26.9776185898935,57
"Nassau",63.569894595546,33.2724471378099,58
"Nassau",64.2900332944476,31.9919523442561,59
"Nassau",64.8254711939487,43.1858371903177,60
"Nassau",65.2678763415525,56.1499049779921,61
"New york",0,1.90217775400962,1
"New york",0,0.983030138781061,2
"New york",0,6.14705169089282,3
"New york",0,0.257877018861663,4
"New york",0,6.60417536710772,5
"New york",0,14.620959612973,6
"New york",0,20.9028599587094,7
"New york",0,19.712023299123,8
"New york",0,29.1410356647085,9
"New york",0,42.5617581478147,10
"New york",0,85.2616598367228,11
"New york",0,87.6036339424151,12
"New york",0,118.927085341014,13
"New york",0,110.417417143152,14
"New york",0,90.4677371830371,15
"New york",0,78.2370850533503,16
"New york",0,69.0136462283392,17
"New york",0,57.426332962748,18
"New york",0,60.9094268991976,19
"New york",0,71.0063412470247,20
"New york",0,41.2804169620647,21
"New york",0,30.6377507813236,22
"New york",0,22.2049204463506,23
"New york",0,15.8121475237923,24
"New york",0,18.8728001728766,25
"New york",0,5.98273656351869,26
"New york",0,3.95970741124231,27
"New york",0,2.49219650196113,28
"New york",0,34.7865500919383,29
"New york",0,8.30654148526692,30
"New york",0,7.88106896543443,31
"New york",0,11.0016169148783,32
"New york",0,13.4317758020761,33
"New york",0,15.3169187457914,34
"New york",0,16.9783251091907,35
"New york",0,17.6645092853744,36
"New york",0,17.5898834259476,37
"New york",0,16.8456379062798,38
"New york",0,15.6530006183849,39
"New york",0,14.2153150156948,40
"New york",0,13.0127883212021,41
"New york",0,11.9969467989493,42
"New york",0,11.074274779809,43
"New york",0,10.3372051030183,44
"New york",0,9.6664485042908,45
"New york",0,8.85640044903213,46
"New york",0,8.1624961344774,47
"New york",0,7.74582659941807,48
"New york",0,7.51831985067983,49
"New york",0,7.43795027934453,50
"New york",0,7.36734512454599,51
"New york",0,8.37089489508334,52
"New york",0,10.2584485642205,53
"New york",0,9.33930094899192,54
"New york",0,14.5033225011037,55
"New york",0,8.61414782907253,56
"New york",0,14.9604461773186,57
"New york",0,22.9772304231839,58
"New york",0,29.2591307689203,59
"New york",0,28.0682941093338,60
"New york",0,37.4973064749193,61
"Niagara",0.0103330739790994,0.034618846179022,1
"Niagara",0.0216996344048486,-0.0712473287736914,2
"Niagara",0.0348661997492341,-0.105524965468911,3
"Niagara",0.0477134879369574,-0.109146369768025,4
"Niagara",0.060770602267457,-0.113828788566593,5
"Niagara",0.24086194369654,0.00324228962535367,6
"Niagara",0.253032182117128,-0.0244331027236266,7
"Niagara",0.0715534098043218,-0.0489973270526278,8
"Niagara",0.277272936976999,0.225279789643941,9
"Niagara",0.794109897383755,0.0906758792877618,10
"Niagara",0.796164247715101,1.64034456157743,11
"Niagara",0.74079878340306,3.10300758310457,12
"Niagara",4.27061969348314,7.64183035494989,13
"Niagara",5.9004059040307,4.36772728275873,14
"Niagara",4.56313934108367,0.675385229978636,15
"Niagara",8.42267040438415,4.04103486388048,16
"Niagara",11.1384310042243,6.28925992294344,17
"Niagara",18.2615603850866,10.5988103126369,18
"Niagara",19.3062843280665,5.46098080630287,19
"Niagara",16.8272715180113,4.89044137715996,20
"Niagara",17.5996676235213,9.95827192736122,21
"Niagara",9.80629146894013,-0.55318334835358,22
"Niagara",5.78950288422996,1.33208505472281,23
"Niagara",6.08147665440824,2.11797280161625,24
"Niagara",4.06250488273972,0.474323810863404,25
"Niagara",2.53344946444563,-2.29309604100201,26
"Niagara",2.62868681470061,-1.67967456851449,27
"Niagara",1.68286975908598,-2.82179651048768,28
"Niagara",0.700577235423962,-2.01820667043022,29
"Niagara",1.86011436797032,-0.479666922719176,30
"Niagara",0.372868477925668,-1.88877813261768,31
"Niagara",0.440132578474102,-0.0153927068703756,32
"Niagara",0.589961866703478,0.648288233735792,33
"Niagara",0.435618199144412,0.124347353742254,34
"Niagara",0.448543913481611,0.859716601233977,35
"Niagara",0.461469627817247,1.12707248955876,36
"Niagara",0.474395342155898,1.19657284900642,37
"Niagara",0.48732105648861,1.21018990902525,38
"Niagara",0.500246770833252,1.20663883445193,39
"Niagara",0.513172485153797,1.18981802497933,40
"Niagara",0.526098199521703,1.16713053404366,41
"Niagara",0.539023913790939,1.13309650758974,42
"Niagara",0.551949628249913,1.07576866768748,43
"Niagara",0.564875342316474,1.00319201038749,44
"Niagara",0.577801057184532,0.921027986063432,45
"Niagara",0.590726770593407,0.813530753755526,46
"Niagara",0.603652487526722,0.690544373961766,47
"Niagara",0.616578198957432,0.562275175805484,48
"Niagara",0.629503924105713,0.439560388876714,49
"Niagara",0.642429621743661,0.350144781633145,50
"Niagara",0.655355353981092,0.29426678436093,51
"Niagara",0.668280920643426,0.268803893110219,52
"Niagara",0.682937698587645,0.303422739289241,53
"Niagara",0.697759293667189,0.197556564336528,54
"Niagara",0.712886397580256,0.163278927641308,55
"Niagara",0.727959924867758,0.159657523342195,56
"Niagara",0.74306899574398,0.154975104543627,57
"Niagara",0.758153025085849,0.272046182735573,58
"Niagara",0.773244032142101,0.244370790386593,59
"Niagara",0.788329247967914,0.219806566057592,60
"Niagara",0.803416675266559,0.494083682754161,61
"Oneida",-0.0140460730399918,-0.149095925631612,1
"Oneida",-0.0169878861960696,0.740269687198314,2
"Oneida",-0.0133200721098352,-0.303057007664069,3
"Oneida",-0.0139196548112705,-0.298306779449528,4
"Oneida",-0.0112392655272273,-0.264710397388831,5
"Oneida",-0.00966636440282965,-0.221498630712752,6
"Oneida",-0.0114367096306548,-0.178286864036672,7
"Oneida",-0.0114828257528536,-0.135075097360592,8
"Oneida",-0.011596237105437,-0.0918633306845127,9
"Oneida",-0.0122444567597707,0.951348435991568,10
"Oneida",-0.0117437162908018,-0.005439797332353,11
"Oneida",-0.0115397501545535,6.03777196934373,12
"Oneida",-0.0117062719063066,7.08098373601981,13
"Oneida",-0.0115270640017865,6.12419550269589,14
"Oneida",-0.011593087177752,12.167407269372,15
"Oneida",-0.011723184880122,13.210619036048,16
"Oneida",-0.0116438399624839,13.2538308027241,17
"Oneida",-0.0116632660944899,13.2970425694002,18
"Oneida",-0.0116817151938654,63.3402543360763,19
"Oneida",-0.0116309047600247,40.3834661027524,20
"Oneida",-0.0116482099668659,45.4266778694284,21
"Oneida",-0.0116594880327328,36.4698896361045,22
"Oneida",-0.0116442831823083,24.5131014027806,23
"Oneida",-0.0116569994491563,13.5563131694567,24
"Oneida",-0.0116581252069911,13.5995249361328,25
"Oneida",-0.0116497418027059,-8.79957098949885,26
"Oneida",-0.0116548110888102,-8.79482076128431,27
"Oneida",-0.011653832748748,-5.83814745614669,28
"Oneida",-0.0116511204581399,-0.621858766393688,29
"Oneida",-0.0116542330359909,1.95981453874393,30
"Oneida",-0.0116535679047488,4.60879553618924,31
"Oneida",-0.0116526572548888,6.21931499517301,32
"Oneida",-0.0116539250560954,6.8202190695414,33
"Oneida",-0.0116532690382304,7.02689237467902,34
"Oneida",-0.0116529762654836,7.21433491058587,35
"Oneida",-0.0116535458598095,7.35370052341579,36
"Oneida",-0.0116532163995607,7.42575844393803,37
"Oneida",-0.0116531991438467,7.4112779029218,38
"Oneida",-0.0116534371474721,7.34872043882865,39
"Oneida",-0.0116532530781709,7.29577835935088,40
"Oneida",-0.0116532712712052,7.18514397218081,41
"Oneida",-0.0116533544581647,7.01681727731842,42
"Oneida",-0.0116532644660315,6.82925981322527,43
"Oneida",-0.0116532920539401,6.62247157990135,44
"Oneida",-0.0116533222842666,5.9349141158082,45
"Oneida",-0.0116532821890017,4.98774126709967,46
"Oneida",-0.0116533008590493,4.21364534146805,47
"Oneida",-0.0116533082811955,3.47801095429798,48
"Oneida",-0.0116532903220138,2.94429964405098,49
"Oneida",-0.0116533010084465,2.63174217995783,50
"Oneida",-0.0116533019429805,2.42495394663391,51
"Oneida",-0.0116532948996401,2.24701186715614,52
"Oneida",-0.0116533006557735,2.09791594152453,53
"Oneida",-0.0116532999124488,2.98728155435446,54
"Oneida",-0.0116532972333417,1.94395485949208,55
"Oneida",-0.0116532999757847,1.94870508770662,56
"Oneida",-0.0116532991105213,1.98230146976731,57
"Oneida",-0.0116532982259802,2.02551323644339,58
"Oneida",-0.0116532994980193,2.06872500311947,59
"Oneida",-0.0116532989189756,2.11193676979555,60
"Oneida",-0.0116532986898299,2.15514853647163,61
"Onondaga",0.214471516252408,-0.184122342696149,1
"Onondaga",0.214588650646586,-0.0605523776999881,2
"Onondaga",0.107305723805075,0.188017587296169,3
"Onondaga",-0.0116547540082287,2.48466447536925,4
"Onondaga",0.192518924199982,1.8005421326731,5
"Onondaga",0.753369227286629,2.11641978997694,6
"Onondaga",0.858023639231197,2.4322974472808,7
"Onondaga",2.3615707177099,1.74817510458465,8
"Onondaga",4.07563216559907,2.0640527618885,9
"Onondaga",5.0435777115691,5.37993041919235,10
"Onondaga",6.04434525914923,6.6958080764962,11
"Onondaga",9.55290412978347,13.0116857338001,12
"Onondaga",12.8340898524145,14.3275633911039,13
"Onondaga",20.4606287579946,13.6434410484078,14
"Onondaga",18.3848404151122,29.9593187057116,15
"Onondaga",18.0237032938718,29.2751963630155,16
"Onondaga",21.6916685182898,63.5910740203193,17
"Onondaga",20.9846864283269,76.9069516776232,18
"Onondaga",45.5938840114723,87.222829334927,19
"Onondaga",38.5512323153106,119.538706992231,20
"Onondaga",28.7670629209149,108.854584649535,21
"Onondaga",9.85315898050677,103.170462306839,22
"Onondaga",6.77621475752808,80.4863399641424,23
"Onondaga",4.15149734192729,59.8022176214463,24
"Onondaga",4.83179492193114,42.1180952787501,25
"Onondaga",8.57358568830928,13.8570498591309,26
"Onondaga",8.9899587723388,13.4613890548963,27
"Onondaga",8.06040735522933,14.4599590198924,28
"Onondaga",7.61318062000982,19.2085289848886,29
"Onondaga",7.30898645265022,18.3417143345001,30
"Onondaga",4.11996547441252,20.4556689148809,31
"Onondaga",3.06763058004462,22.1946234952617,32
"Onondaga",1.12530458845434,23.3758857679501,33
"Onondaga",1.74845771239163e-06,24.2302249637155,34
"Onondaga",1.74846031614218e-06,24.8153333902502,35
"Onondaga",1.74846763599954e-06,25.1889033552463,36
"Onondaga",1.74847435982015e-06,25.5240117817809,37
"Onondaga",1.74847002486101e-06,25.8495048237002,38
"Onondaga",1.74844845744686e-06,26.2038440194656,39
"Onondaga",1.74841348302159e-06,26.4908755229233,40
"Onondaga",1.74839520705233e-06,26.527907026381,41
"Onondaga",1.74842718898054e-06,26.5072462221463,42
"Onondaga",1.74854201365599e-06,26.2365854179117,43
"Onondaga",1.74867825766515e-06,25.3986169213694,44
"Onondaga",1.74873974424128e-06,24.2914176555964,45
"Onondaga",1.74850124315915e-06,22.7996030052079,46
"Onondaga",1.7480171832552e-06,21.0674037394348,47
"Onondaga",1.74736257393482e-06,19.4890506275079,48
"Onondaga",1.74747500077194e-06,18.1895436694271,49
"Onondaga",1.7484542150096e-06,17.3034982498079,50
"Onondaga",1.75128534691545e-06,16.7924528301887,51
"Onondaga",1.91647342973332e-06,16.4256381798002,52
"Onondaga",1.9746211978664e-06,16.2415158371041,53
"Onondaga",2.00396726202902e-06,16.3650858021002,54
"Onondaga",1.97386579607417e-06,16.6136557670964,55
"Onondaga",1.94952982268591e-06,18.9103026551695,56
"Onondaga",1.93141501423102e-06,18.2261803124733,57
"Onondaga",1.93160062239743e-06,18.5420579697772,58
"Onondaga",1.93707043126707e-06,18.857935627081,59
"Onondaga",1.94381583393917e-06,18.1738132843849,60
"Onondaga",1.94646264690255e-06,18.4896909416887,61
"Ontario",0.261561363135587,-0.0357931522502941,1
"Ontario",0.13081393879949,0.976490618576335,2
"Ontario",0.130761041733817,-0.0112256105970356,3
"Ontario",-0.0171130860722929,1.00105816022959,4
"Ontario",3.88004212098225e-05,0.022957315671607,5
"Ontario",0.000138259001138306,0.0544718557290054,6
"Ontario",0.261292739365545,0.0859863957864038,7
"Ontario",0.0982667460149055,0.117500935843802,8
"Ontario",0.260738420358248,0.149015475901201,9
"Ontario",0.632226568017275,1.1805300159586,10
"Ontario",0.84435239359515,0.212044556015997,11
"Ontario",2.36726841925684,0.243559096073396,12
"Ontario",3.65917877278202,2.27507363613079,13
"Ontario",6.55828116937324,5.30658817618819,14
"Ontario",8.06277315273313,4.33810271624559,15
"Ontario",7.62552063136316,4.36961725630299,16
"Ontario",14.7175628195849,9.40113179636039,17
"Ontario",26.9764649499914,13.4326463364178,18
"Ontario",26.5661595053449,20.4641608764752,19
"Ontario",27.3283272206122,29.4956754165326,20
"Ontario",13.4475404280435,18.52718995659,21
"Ontario",6.7753762445975,19.5587044966474,22
"Ontario",4.01380151638006,10.5902190367048,23
"Ontario",3.17991596071659,7.62173357676218,24
"Ontario",1.58420667746487,3.65324811681957,25
"Ontario",2.60427066203564,-0.930621958507642,26
"Ontario",3.17177967665746,-0.802953572296397,27
"Ontario",3.60124593582734,-0.62720826300823,28
"Ontario",1.86736030943844,-0.105309107566216,29
"Ontario",1.54473908999629,0.887743894029644,30
"Ontario",2.51753748173916,2.04425843408704,31
"Ontario",0.835859391675421,2.90269605106752,32
"Ontario",0.233772034571236,3.28997982189415,33
"Ontario",-7.39654135162304e-08,3.45610974656693,34
"Ontario",-7.39649140130139e-08,3.54531659431664,35
"Ontario",-7.39411167647078e-08,3.5960619036048,36
"Ontario",-7.38972945277586e-08,3.70449952058528,37
"Ontario",-7.38635704769654e-08,3.79370636833498,38
"Ontario",-7.3892485690719e-08,3.80599013916161,39
"Ontario",-7.40166893958084e-08,3.80865852537286,40
"Ontario",-7.4194631397108e-08,3.82094229619949,41
"Ontario",-7.42659964442841e-08,3.80437991317996,42
"Ontario",-7.40368701378478e-08,3.73012522246813,43
"Ontario",-7.34340717381e-08,3.58856283944861,44
"Ontario",-7.28033849198826e-08,3.32200045642908,45
"Ontario",-7.2815405553955e-08,2.88236115033263,46
"Ontario",-7.4271261201667e-08,2.46195261346695,47
"Ontario",-7.68168820158537e-08,2.13769792275512,48
"Ontario",-7.89414027741865e-08,1.89036630896637,49
"Ontario",-7.69777418969358e-08,1.75841931056223,50
"Ontario",-6.99514613786214e-08,1.69378000446578,51
"Ontario",-5.86044394224503e-08,1.63875608298472,52
"Ontario",-5.49601138312301e-08,1.60296293073442,53
"Ontario",-5.52758048715168e-08,2.61524670156105,54
"Ontario",-5.82748650489183e-08,1.62753047238768,55
"Ontario",-6.02933653708152e-08,2.63981424321431,56
"Ontario",-6.09855391696357e-08,1.66171339865632,57
"Ontario",-6.0488544919937e-08,1.69322793871372,58
"Ontario",-5.97999218869019e-08,1.72474247877112,59
"Ontario",-5.93656546718211e-08,1.75625701882852,60
"Ontario",-5.93278152361691e-08,1.78777155888592,61
"Orange",-0.0177542205819043,-0.104498329438591,1
"Orange",-0.109631172544707,0.518991728305112,2
"Orange",0.132883530992435,-0.239093704026057,3
"Orange",0.156416257243873,-0.570075222233603,4
"Orange",0.0296803964527019,1.65829610375906,5
"Orange",0.0950958775656449,-0.128414841967455,6
"Orange",0.382849402581723,-0.170486518621837,7
"Orange",0.103483285161696,-0.176249387698609,8
"Orange",1.07920489993138,3.40550167493633,9
"Orange",1.10068416656068,4.25744854539062,10
"Orange",2.40031165338042,6.44222511060266,11
"Orange",1.99657808489584,16.8152615915496,12
"Orange",5.88440831207811,24.0033446434596,13
"Orange",8.91741411590416,22.6800443725707,14
"Orange",14.148507264792,26.2543667794826,15
"Orange",23.3006964271465,31.3516619702864,16
"Orange",23.9137978578921,21.0699405135417,17
"Orange",42.2234656382707,24.6696304124594,18
"Orange",33.8921124200033,8.65807855751035,19
"Orange",53.5335853351929,24.1740617070199,20
"Orange",35.733266857529,5.80307895192526,21
"Orange",20.8088255208035,8.02648030793092,22
"Orange",9.76714848872188,-1.42959073863189,23
"Orange",6.3066559540233,6.93618201432061,24
"Orange",13.307692309868,12.1788571777656,25
"Orange",43.8186634827968,29.3199214413473,26
"Orange",6.17462724970478,-23.6622769893081,27
"Orange",3.42560715573139,-11.5630615041533,28
"Orange",3.05732851544251,-2.35280348387334,29
"Orange",2.51027760037245,2.49014744898801,30
"Orange",2.41096521277379,-1.69736432071944,31
"Orange",0.285410528859072,-2.57689424663747,32
"Orange",0.363248911706633,-0.304213298823766,33
"Orange",0.0169146090054888,0.781664075768289,34
"Orange",0.0169146090054888,3.18773142411768,35
"Orange",0.0169146090054887,4.29060151794511,36
"Orange",0.0169146090054887,4.79141441116035,37
"Orange",0.0169146090054887,5.00450514075278,38
"Orange",0.0169146090054887,4.99513115336798,39
"Orange",0.0169146090054887,4.86066800784018,40
"Orange",0.0169146090054887,4.67609903792199,41
"Orange",0.0169146090054887,4.47879261865415,42
"Orange",0.0169146090054887,4.29387981446105,43
"Orange",0.0169146090054887,4.10864557660757,44
"Orange",0.0169146090054887,3.89498001513072,45
"Orange",0.0169146090054887,3.65255362396977,46
"Orange",0.0169146090054887,3.38581475637925,47
"Orange",0.0169146090054957,3.12496420195602,48
"Orange",0.0169146146129772,2.92346792605909,49
"Orange",0.0169146296020346,2.74960745774068,50
"Orange",0.0169146465267463,2.61351609823647,51
"Orange",0.0170063348732457,2.79211810431996,52
"Orange",0.0182491884285297,2.67723991012429,53
"Orange",0.0189759256653804,3.30072996786799,54
"Orange",0.0194778812071203,2.54264453553682,55
"Orange",0.0196434864433254,2.21166301732927,56
"Orange",0.0196434864433254,4.44003434332194,57
"Orange",0.0196434864433254,2.65332339759542,58
"Orange",0.0196434864433254,2.61125172094104,59
"Orange",0.0196434864433254,2.60548885186427,60
"Orange",0.0196434864433254,6.18723991449921,61
"Orleans",0,-0.0116638299366458,1
"Orleans",0,-0.0338845984507852,2
"Orleans",0,-0.0423855842542338,3
"Orleans",0,-0.0379432688706092,4
"Orleans",0,0.0873405803525649,5
"Orleans",0,-0.0969001763644965,6
"Orleans",0,0.0640582061388946,7
"Orleans",0,0.0574744269300924,8
"Orleans",0,0.349726669698808,9
"Orleans",0,0.183004451399534,10
"Orleans",0,1.34360265526626,11
"Orleans",0,0.535322622288128,12
"Orleans",0,2.50666377920533,13
"Orleans",0,2.26370647693732,14
"Orleans",0,1.77919958371201,15
"Orleans",0,-0.117164814826018,16
"Orleans",0,4.69193202537044,17
"Orleans",0,4.14337072728265,18
"Orleans",0,5.9168459877213,19
"Orleans",0,11.2870469757999,20
"Orleans",0,10.357368748977,21
"Orleans",0,5.24689103578781,22
"Orleans",0,2.6894800916264,23
"Orleans",0,1.84054937201605,24
"Orleans",0,1.04936420868589,25
"Orleans",0,1.74931250750562,26
"Orleans",0,-0.132981115168401,27
"Orleans",0,0.711839794688406,28
"Orleans",0,-2.43931513708485,29
"Orleans",0,-0.115222999901578,30
"Orleans",0,-0.143716284705234,31
"Orleans",0,0.792064431597004,32
"Orleans",0,0.730103850875327,33
"Orleans",0,0.677785410106693,34
"Orleans",0,1.05695430181275,35
"Orleans",0,1.29193626938079,36
"Orleans",0,1.395839272441,37
"Orleans",0,1.44423455995318,38
"Orleans",0,1.47185827275146,39
"Orleans",0,1.48843757627274,40
"Orleans",0,1.50187785624918,41
"Orleans",0,1.51249215076692,42
"Orleans",0,1.5174637469416,43
"Orleans",0,1.49895568346616,44
"Orleans",0,1.41765492225036,45
"Orleans",0,1.26235903753093,46
"Orleans",0,1.07549572421373,47
"Orleans",0,0.924248373700234,48
"Orleans",0,0.836235941343776,49
"Orleans",0,0.794856845062107,50
"Orleans",0,0.773837318934546,51
"Orleans",0,0.79014769913771,52
"Orleans",0,0.778483869201064,53
"Orleans",0,0.756263100686925,54
"Orleans",0,0.747762114883476,55
"Orleans",0,0.752204430267101,56
"Orleans",0,0.877488279490275,57
"Orleans",0,0.693247522773214,58
"Orleans",0,0.854205905276605,59
"Orleans",0,0.847622126067803,60
"Orleans",0,1.13987436883652,61
"Oswego",1.47875144362639,-0.110821145472815,1
"Oswego",3.22583371400086,-0.212026906330245,2
"Oswego",4.89604676506766,-0.274771128726137,3
"Oswego",6.36669470761242,-0.29905381266049,4
"Oswego",7.38951329737314,-0.313721111979458,5
"Oswego",8.24244412572628,-0.318773026683042,6
"Oswego",8.76326355149337,-0.323824941386626,7
"Oswego",9.03963112122463,0.671123143909791,8
"Oswego",9.3135035250122,-0.333928770793793,9
"Oswego",9.54800498612984,-0.338980685497377,10
"Oswego",9.80020819256907,0.655967399799039,11
"Oswego",10.6073001030439,0.650915485095455,12
"Oswego",12.0137131380732,-0.354136429608129,13
"Oswego",12.9491372683155,2.64081165568829,14
"Oswego",17.1146138603396,-0.364240259015297,15
"Oswego",19.878188955863,1.63070782628112,16
"Oswego",23.7141278224686,3.62565591157754,17
"Oswego",27.1343141623886,6.62060399687395,18
"Oswego",28.1916859343895,16.6155520821704,19
"Oswego",27.6451322687521,15.6105001674668,20
"Oswego",29.6324124895393,19.6054482527632,21
"Oswego",19.6957366999175,12.6003963380596,22
"Oswego",18.6555294948538,9.59534442335603,23
"Oswego",19.0389863441105,8.59029250865245,24
"Oswego",16.4227706261406,6.58524059394887,25
"Oswego",16.0784682601888,-5.9294267053701,26
"Oswego",15.831652757529,-5.66524785084292,27
"Oswego",16.3751596653599,-5.13183822708496,28
"Oswego",15.847958003324,-3.55996706486547,29
"Oswego",12.2426982759578,-1.58424974879982,30
"Oswego",11.7615603224417,-0.0700708942726389,31
"Oswego",10.0823816681399,1.03064642179301,32
"Oswego",9.53619199896311,1.57367143016635,33
"Oswego",8.88874784857147,1.76092720777046,34
"Oswego",8.88870610667995,1.76549067768226,35
"Oswego",8.88866010406014,1.77966953220944,36
"Oswego",8.88861774575771,1.79384838673663,37
"Oswego",8.88858281397155,1.79841185664843,38
"Oswego",8.88855640819589,1.80297532656023,39
"Oswego",8.88853806350366,1.76907725801049,40
"Oswego",8.8885265513694,1.75440995869152,41
"Oswego",8.888520404918,1.74935804398794,42
"Oswego",8.88851822464038,1.70584459082282,43
"Oswego",8.88851882045004,1.62386959919616,44
"Oswego",8.88852123824962,1.39766383833873,45
"Oswego",8.88852470873183,1.08491961594283,46
"Oswego",8.88852854616893,0.743329239700789,47
"Oswego",8.8885320175108,0.420969632689513,48
"Oswego",8.8885341985071,0.194763871832083,49
"Oswego",8.88853383458648,0.0166350340515755,50
"Oswego",8.88852923030413,-0.132647649882778,51
"Oswego",8.88851820236726,-0.262699564586361,52
"Oswego",8.9995792914707,-0.373520710059176,53
"Oswego",9.1311095304259,-0.474726470916606,54
"Oswego",9.25820275309527,-0.537470693312498,55
"Oswego",9.45892436184064,-0.561753377246851,56
"Oswego",9.44570032434081,-0.576420676565819,57
"Oswego",9.60227254104209,-0.581472591269403,58
"Oswego",9.64367248560915,-0.586524505972987,59
"Oswego",9.58331213435837,0.408423579323429,60
"Oswego",9.77777981324653,-0.596628335380155,61
"Otsego",-0.0175995450267704,-0.00485694724467878,1
"Otsego",-0.00750111311729592,-9.85098739729739e-05,2
"Otsego",-0.019769380905059,0.995044542881348,3
"Otsego",-0.0185016195229685,-0.00981240436333086,4
"Otsego",0.086669128716448,-0.00505396699262506,5
"Otsego",-0.00915997800291117,-0.000295529621919255,6
"Otsego",-0.0126071601754996,0.00446290774878655,7
"Otsego",-0.011002367386111,0.00922134511949235,8
"Otsego",-0.011672028562642,0.013979782490198,9
"Otsego",-0.0121429485044921,0.0187382198609038,10
"Otsego",0.291185630346106,0.0234966572316097,11
"Otsego",-0.0330366937846618,0.0282550946023155,12
"Otsego",0.159297226452178,0.0330135319730213,13
"Otsego",0.128874881542986,0.037771969343727,14
"Otsego",0.773479108371696,1.04253040671443,15
"Otsego",2.89253674869903,6.04728884408514,16
"Otsego",4.25627907112783,4.05204728145584,17
"Otsego",5.75813347309442,6.05680571882655,18
"Otsego",5.98498743514734,2.06156415619726,19
"Otsego",6.24536968896014,4.06632259356796,20
"Otsego",4.13307198402219,2.07108103093867,21
"Otsego",1.84532653386692,3.07583946830937,22
"Otsego",1.72074780149209,3.08059790568008,23
"Otsego",0.819350506075633,2.08535634305078,24
"Otsego",1.05856008392014,0.0901147804214906,25
"Otsego",0.033145639891746,-0.693588320669342,26
"Otsego",0.494967519717002,-0.688829883298636,27
"Otsego",0.190107173139948,-0.549456061312546,28
"Otsego",0.252361453665708,-0.237005316249532,29
"Otsego",0.472600214505616,0.0658300441980967,30
"Otsego",0.381938064267447,0.368665404645725,31
"Otsego",0.291087671026125,0.623423842016431,32
"Otsego",-0.0117244219848759,0.733951510156368,33
"Otsego",-0.0117316649701786,0.786786870603997,34
"Otsego",-0.0117253899703485,0.810776077205472,35
"Otsego",-0.0117303371419654,0.815534514576177,36
"Otsego",-0.0117267904487249,0.820292951946883,37
"Otsego",-0.0117290544190797,0.825051389317589,38
"Otsego",-0.0117278486785756,0.829809826688295,39
"Otsego",-0.0117282569669384,0.834568264059001,40
"Otsego",-0.0117283906964245,0.829711316814322,41
"Otsego",-0.0117279364874418,0.767162061877335,42
"Otsego",-0.0117285367228816,0.675766653094195,43
"Otsego",-0.0117279159476474,0.584371244311055,44
"Otsego",-0.0117284771952497,0.512206604758683,45
"Otsego",-0.0117280182878005,0.459272734437081,46
"Otsego",-0.0117283602999078,0.40633886411548,47
"Otsego",-0.0117281306779564,0.363020378409262,48
"Otsego",-0.0117282637284737,0.31008650808766,49
"Otsego",-0.011728205829702,0.266768022381443,50
"Otsego",-0.0117282098419396,0.252295690521379,51
"Otsego",-0.0117282394380892,0.247438743276701,52
"Otsego",-0.0135051191618958,0.242581796032022,53
"Otsego",-0.0124855912967488,0.247340233402728,54
"Otsego",-0.0137241989221566,1.24248328615805,55
"Otsego",-0.0125670325017286,0.23762633891337,56
"Otsego",-0.0132754379205045,0.242384776284076,57
"Otsego",-0.0126529527679161,0.247143213654781,58
"Otsego",-0.0130020398587631,0.251901651025487,59
"Otsego",-0.0128387468347288,0.256660088396193,60
"Otsego",-0.0129056079481662,0.261418525766899,61
"Putnam",1.06696031150462,-0.0648068965097952,1
"Putnam",1.91910400313455,0.0592512492784572,2
"Putnam",2.6539236664802,-0.139648386688692,3
"Putnam",3.32549945087511,-0.148718011243616,4
"Putnam",3.590072186931,0.158372726919826,5
"Putnam",3.87427194546951,-0.213688813412299,6
"Putnam",4.21795942029338,0.265343462987723,7
"Putnam",4.27125247665239,1.07650023993391,8
"Putnam",4.39822475700277,1.87117543963104,9
"Putnam",4.8499000868215,6.68075170320636,10
"Putnam",4.92145117159712,6.41574382730377,11
"Putnam",5.21453584137396,7.23369713888797,12
"Putnam",5.85171328093093,9.69024726840454,13
"Putnam",6.12080314198429,4.93155889383528,14
"Putnam",7.69393561717848,6.95407187448848,15
"Putnam",9.0230008246878,9.04698019678348,16
"Putnam",10.4670052740116,9.38678638815257,17
"Putnam",18.3464406884677,11.7016891931119,18
"Putnam",15.8499449671384,6.02629019878975,19
"Putnam",17.4056248109988,6.8708654874782,20
"Putnam",16.098273911187,12.4982743048614,21
"Putnam",8.82810538141338,5.25262745786644,22
"Putnam",5.61115144124208,3.62011443643199,23
"Putnam",6.20913837378754,4.62398235415318,24
"Putnam",5.73356109078351,3.27424825046892,25
"Putnam",5.4961181049834,-1.60614689568299,26
"Putnam",5.49689215441098,-3.96233076240362,27
"Putnam",5.85518146098888,-4.71347961719702,28
"Putnam",5.37867923618712,-4.34599623121088,29
"Putnam",5.37901027785801,-5.68618754153802,30
"Putnam",5.37925964797991,-4.77575274616342,31
"Putnam",5.61791830295543,-2.36782419556477,32
"Putnam",5.26035362903696,-1.70865554522385,33
"Putnam",4.78351865442046,-0.998015250839949,34
"Putnam",4.7835989839474,0.0493469103522746,35
"Putnam",4.78365949927826,0.460709802022891,36
"Putnam",4.78370508958004,0.664156556104299,37
"Putnam",4.78373943659212,0.725935974063768,38
"Putnam",4.78376531260032,0.716646827258157,39
"Putnam",4.7837848064691,0.651415144015379,40
"Putnam",4.78379949242121,0.544387203582013,41
"Putnam",4.78381055640457,0.42583089870041,42
"Putnam",4.78381889168243,0.296196772379655,43
"Putnam",4.78382517118461,0.169452033751753,44
"Putnam",4.7838299019357,0.0326692600254872,45
"Putnam",4.78383346593015,-0.138295255105067,46
"Putnam",4.78383615093172,-0.38011062392386,47
"Putnam",4.78383817372246,-0.673523593277769,48
"Putnam",4.78383969762349,-0.901673890989168,49
"Putnam",4.78384084567957,-1.05210957903725,50
"Putnam",4.78384171058762,-1.16033449876277,51
"Putnam",4.78384236218084,-1.27289007745919,52
"Putnam",4.91106229357914,-1.32838155714328,53
"Putnam",5.01266835811251,-1.20432341135502,54
"Putnam",5.10028515388606,-1.40322304732217,55
"Putnam",5.18036097168281,-1.4122926718771,56
"Putnam",5.21190756606736,-1.10520193371366,57
"Putnam",5.2457943573469,-1.47726347404578,58
"Putnam",5.28677416094664,-0.998231197645759,59
"Putnam",5.29312864750061,-0.187074420699572,60
"Putnam",5.30826828919127,0.607600778997555,61
"Queens",0.987124954830254,2.0007839744137,1
"Queens",0.199068519691866,-0.854201281941833,2
"Queens",0.738260803474054,1.84850576939495,3
"Queens",1.68091991902742,6.63775128227019,4
"Queens",1.23441027320896,11.91738141053,5
"Queens",2.40929891549661,24.1970115387899,6
"Queens",1.47494609526342,20.4958724362805,7
"Queens",2.72079943660383,28.7851179491558,8
"Queens",4.56565179505724,40.074363462031,9
"Queens",3.72239022506266,73.3636089749062,10
"Queens",7.60320305861794,114.652854487781,11
"Queens",18.6483936087023,107.942100000657,12
"Queens",27.5155402466244,117.231345513532,13
"Queens",34.1119612129104,199.520591026407,14
"Queens",70.2709278166797,141.809836539282,15
"Queens",119.250236138909,106.099082052158,16
"Queens",173.087650019126,96.3883275650331,17
"Queens",223.120322319799,94.6775730779083,18
"Queens",201.825376108089,113.966818590784,19
"Queens",305.933895196601,83.2560641036588,20
"Queens",197.13866527712,101.545309616534,21
"Queens",83.8817093790352,46.8345551294091,22
"Queens",41.7984894291627,40.1238006422844,23
"Queens",35.0542112513727,37.4130461551596,24
"Queens",27.6022710863733,34.7022916680349,25
"Queens",22.7290194061571,7.88576795014087,26
"Queens",13.7723012164025,11.4346288476315,27
"Queens",13.9762155489814,10.0700282066606,28
"Queens",5.727485791262,62.0804275656897,29
"Queens",8.44548797971157,12.6485192324111,30
"Queens",3.79444654321697,15.5531493606709,31
"Queens",3.52973270582369,20.4962410273923,32
"Queens",1.01017061606858,22.2951019248829,33
"Queens",0.000771352480881671,24.9401166685274,34
"Queens",0.000771352480881611,26.2005160275565,35
"Queens",0.000771352480881695,26.9897615404317,36
"Queens",0.000771352480881696,26.9616993609993,37
"Queens",0.000771352480881682,26.2413294892591,38
"Queens",0.000771352480881679,25.4151903867498,39
"Queens",0.000771352480881679,23.5890512842404,40
"Queens",0.00077135248088168,21.387912181731,41
"Queens",0.00077135248088168,20.0425423099909,42
"Queens",0.000771352480881679,19.2356339767123,43
"Queens",0.000771352480881679,18.2652641049721,44
"Queens",0.000771352480881679,16.8429711563089,45
"Queens",0.000771352480881679,15.5264474384149,46
"Queens",0.000771352480881679,14.2387698743671,47
"Queens",0.000771352480881679,13.2684000026269,48
"Queens",0.000771352480879179,12.8557224385791,49
"Queens",0.00077135332955021,12.5007371822236,50
"Queens",0.000771354484797882,12.2322903874065,51
"Queens",0.000840296750236536,15.0407666695125,52
"Queens",0.000856083789947374,17.0415506439262,53
"Queens",0.000865311864044256,14.1865653875707,54
"Queens",0.000871504571401222,16.8892724389075,55
"Queens",0.000871504571401222,21.6785179517827,56
"Queens",0.000871504571401222,26.9581480800425,57
"Queens",0.000871504571401222,39.2377782083024,58
"Queens",0.000871504571401222,35.536639105793,59
"Queens",0.000871504571401222,43.8258846186683,60
"Queens",0.000871504571401222,55.1151301315435,61
"Rensselaer",0.00835110303986886,-0.105470007027038,1
"Rensselaer",0.0180610541644119,-0.191709244823306,2
"Rensselaer",0.0271852601735016,-0.210640790311882,3
"Rensselaer",0.0348279960258813,-0.210341566569689,4
"Rensselaer",0.0412913625026357,-0.200426958212112,5
"Rensselaer",0.0474638338165825,-0.190512349854534,6
"Rensselaer",0.0540841014292943,0.819402258503044,7
"Rensselaer",0.0613595379577747,-0.170683133139379,8
"Rensselaer",0.0690360603092035,-0.160768524781801,9
"Rensselaer",0.0767149101923197,0.849146083575777,10
"Rensselaer",0.0841401893800273,2.85906069193335,11
"Rensselaer",0.0912981267117652,8.86897530029093,12
"Rensselaer",0.0983376223220436,3.87888990864851,13
"Rensselaer",0.105423580622377,0.888804517006087,14
"Rensselaer",0.112633853466937,12.8987191253637,15
"Rensselaer",0.119944807006232,5.90863373372124,16
"Rensselaer",0.127281969896055,9.91854834207882,17
"Rensselaer",0.134582348016219,1.9284629504364,18
"Rensselaer",0.141827429851118,2.93837755879398,19
"Rensselaer",0.149038015821046,7.94829216715155,20
"Rensselaer",0.156247729931598,3.95820677550913,21
"Rensselaer",0.163478548472472,5.96812138386671,22
"Rensselaer",0.170732050457371,6.97803599222429,23
"Rensselaer",0.177995864051782,2.98795060058186,24
"Rensselaer",0.18525601012913,1.99786520893944,25
"Rensselaer",0.192505729151329,-2.57875864424144,26
"Rensselaer",0.199746856884265,-2.4823055743454,27
"Rensselaer",0.206985632614775,-2.0493140429109,28
"Rensselaer",0.214227426163539,-1.01055328070717,29
"Rensselaer",0.221473885014884,0.220515173804253,30
"Rensselaer",0.228723308945178,1.05735285908491,31
"Rensselaer",0.235972863774212,1.53842131359633,32
"Rensselaer",0.243220663249555,1.75987438349237,33
"Rensselaer",0.25046653877227,1.83709668415764,34
"Rensselaer",0.257711517559924,1.89508821559214,35
"Rensselaer",0.264956784214633,1.9146182085651,36
"Rensselaer",0.272202925064893,1.90530204769191,37
"Rensselaer",0.279449798721467,1.80944742528026,38
"Rensselaer",0.286696882694369,1.69436203363784,39
"Rensselaer",0.293943719426971,1.65619971891849,40
"Rensselaer",0.301190162696654,1.53149894266068,41
"Rensselaer",0.308436351252322,1.35872124332595,42
"Rensselaer",0.31568252389841,1.21478969783738,43
"Rensselaer",0.322928842446729,1.10931969081034,44
"Rensselaer",0.33017532412125,1.071157376091,45
"Rensselaer",0.337421883696808,0.984918138294727,46
"Rensselaer",0.344668420825102,0.889063515883074,47
"Rensselaer",0.351914884694738,0.802824278086806,48
"Rensselaer",0.3591612860843,0.687738886444383,49
"Rensselaer",0.366407668727248,0.601499648648115,50
"Rensselaer",0.373654071596015,0.563337333928769,51
"Rensselaer",0.380900507636408,0.515559634594039,52
"Rensselaer",0.388146965545558,0.410089627567002,53
"Rensselaer",0.395393425209733,0.323850389770733,54
"Rensselaer",0.402639872755246,0.304918844282157,55
"Rensselaer",0.409886306474728,0.30521806802435,56
"Rensselaer",0.417132733433585,0.315132676381928,57
"Rensselaer",0.424379162129346,0.325047284739505,58
"Rensselaer",0.43162559696144,1.33496189309708,59
"Rensselaer",0.438872037118511,0.344876501454661,60
"Rensselaer",0.446118478941769,0.354791109812238,61
"Richmond",7.08223882135398e-54,-1.05784417708135,1
"Richmond",8.46279530479428e-54,-0.0772268157011604,2
"Richmond",1.01635696578899e-53,-0.913917146628665,3
"Richmond",1.01639555086152e-53,-0.740992092940783,4
"Richmond",9.05441238978504e-54,0.278086806900944,5
"Richmond",8.43152914260393e-54,1.28755032212729,6
"Richmond",7.76531508830505e-54,2.29701383735363,7
"Richmond",7.60506276698074e-54,5.31609273719536,8
"Richmond",7.70188619219659e-54,16.3351716370371,9
"Richmond",7.86313548727808e-54,11.3542505368788,10
"Richmond",8.05348025333883e-54,21.3733294367205,11
"Richmond",8.14503379283558e-54,18.3924083365623,12
"Richmond",8.16922061405522e-54,25.411487236404,13
"Richmond",8.14565863778819e-54,25.4305661362457,14
"Richmond",8.10220066085384e-54,22.4496450360874,15
"Richmond",8.06963128169649e-54,29.4687239359292,16
"Richmond",8.05197028158679e-54,16.4878028357709,17
"Richmond",8.05012789378343e-54,30.5068817356126,18
"Richmond",8.05719347781698e-54,21.5259606354544,19
"Richmond",8.06585697359723e-54,14.5450395352961,20
"Richmond",8.07246058663464e-54,13.5641184351378,21
"Richmond",8.07523751189582e-54,10.5831973349795,22
"Richmond",8.07503592294545e-54,5.60227623482127,23
"Richmond",8.07335656729442e-54,7.621355134663,24
"Richmond",8.07150489980086e-54,8.64043403450473,25
"Richmond",8.07029859834004e-54,-1.17702552719201,26
"Richmond",8.06987182336868e-54,-3.09063893504259,27
"Richmond",8.07002075820792e-54,-2.99463695827778,28
"Richmond",8.07041635834472e-54,13.2744419415639,29
"Richmond",8.07078765038792e-54,-2.07186377397894,30
"Richmond",8.07100757945807e-54,-0.879707951060294,31
"Richmond",8.07106335744464e-54,0.870140179550663,32
"Richmond",8.07101215585338e-54,2.37960369477701,33
"Richmond",8.07092453984362e-54,3.26406721000335,34
"Richmond",8.07085086415879e-54,3.706223032922,35
"Richmond",8.07081269269681e-54,3.83107116353296,36
"Richmond",8.07080755539732e-54,3.79245775568238,37
"Richmond",8.07082169488393e-54,3.58076742475488,38
"Richmond",8.07084058396391e-54,3.25369247844276,39
"Richmond",8.07085475943749e-54,2.85930983982295,40
"Richmond",8.07086109077907e-54,2.57069643197237,41
"Richmond",8.07086089872685e-54,2.20515994719871,42
"Richmond",8.07085736057478e-54,1.89731577011736,43
"Richmond",8.07085341550632e-54,1.57985620842063,44
"Richmond",8.07085075481795e-54,1.18547356980082,45
"Richmond",8.07084977972196e-54,0.944937085027158,46
"Richmond",8.07085005838811e-54,0.72363136948427,47
"Richmond",8.07085088819921e-54,0.511941038556766,48
"Richmond",8.07085169164619e-54,0.367558399936955,49
"Richmond",8.07085217573056e-54,0.252021915163298,50
"Richmond",8.07085230850256e-54,0.107639276543487,51
"Richmond",8.07085220665592e-54,0.99210279176983,52
"Richmond",8.07085202054239e-54,-0.0657413853115196,53
"Richmond",8.07085186102099e-54,0.91487597606867,54
"Richmond",8.07085177606047e-54,0.0781856451411658,55
"Richmond",8.07085176247859e-54,0.251110698829047,56
"Richmond",8.0708517914698e-54,1.27018959867077,57
"Richmond",8.0708518317539e-54,2.27965311389712,58
"Richmond",8.07085186264605e-54,3.28911662912346,59
"Richmond",8.07085187687247e-54,6.30819552896519,60
"Richmond",8.07085187695677e-54,17.3272744288069,61
"Rockland",0.127115394810603,0.648570299135141,1
"Rockland",0.148659592329458,0.127937927105215,2
"Rockland",-0.0330464376877881,0.0994395668533983,3
"Rockland",0.0485287251356607,0.907399444324142,4
"Rockland",0.21015425156261,0.849346804024009,5
"Rockland",0.230608058128092,0.290267115390178,6
"Rockland",0.229816152529398,0.288896938399644,7
"Rockland",-0.0467366925318524,1.82907086672335,8
"Rockland",0.818006913429219,3.41235186129495,9
"Rockland",0.577650823293818,5.03071642378247,10
"Rockland",0.366595432827354,7.52963530720537,11
"Rockland",1.03391286329387,14.9142102543794,12
"Rockland",2.67480441493823,26.9191239750101,13
"Rockland",5.89228967573951,37.2373536322305,14
"Rockland",7.91674025421231,32.1133498434529,15
"Rockland",8.42610664200584,24.5074433415974,16
"Rockland",16.2464422123035,29.2017433393257,17
"Rockland",19.294798998493,25.957134268486,18
"Rockland",24.1316989384878,22.6339561104569,19
"Rockland",19.8744585432637,3.42852850530073,20
"Rockland",16.8915751498353,-2.47920803974126,21
"Rockland",6.77447395844178,-16.239326833382,22
"Rockland",2.6231944428034,-5.55272285467928,23
"Rockland",3.02163760874463,-5.464324672342,24
"Rockland",4.6165524020822,2.19720316260413,25
"Rockland",37.2886500683744,72.6253021528547,26
"Rockland",1.34360465261268,-34.4354359740908,27
"Rockland",2.0125977869981,-18.1416038076572,28
"Rockland",0.802755050523229,-12.3371926143807,29
"Rockland",0.755531989108594,-9.47724149206357,30
"Rockland",1.17735853999644,-6.67108269309004,31
"Rockland",0.42998453584009,-6.78410022153515,32
"Rockland",0.817927791820108,-2.59160079910571,33
"Rockland",0.00730999187366033,-4.47356865293842,34
"Rockland",0.00730999187366072,-2.21902735133189,35
"Rockland",0.00730999187366117,-0.593604003526066,36
"Rockland",0.00730999187366144,0.544369649056004,37
"Rockland",0.00730999187366168,1.31111966694656,38
"Rockland",0.00730999187366201,1.79394415096625,39
"Rockland",0.00730999187366272,2.06264712340946,40
"Rockland",0.00730999187366516,2.17775366282995,41
"Rockland",0.00730999187367458,2.1925611340552,42
"Rockland",0.00730999187371125,2.14293959685348,43
"Rockland",0.00730999187385443,2.05242904775241,44
"Rockland",0.00730999187441356,1.93997601655106,45
"Rockland",0.00730999187659737,1.81460261457327,46
"Rockland",0.00730999188512674,1.68522955749022,47
"Rockland",0.0073099919184403,1.56122116992983,48
"Rockland",0.00730999204855469,1.44569259354013,49
"Rockland",0.00730999255674878,1.3402555456091,50
"Rockland",0.00730999454162717,1.24751588985437,51
"Rockland",0.00730188448944387,1.33251145532465,52
"Rockland",0.00807926931913019,1.96785229350038,53
"Rockland",0.00827830537749833,1.44721992147045,54
"Rockland",0.00832926514802372,1.41872156121863,55
"Rockland",0.00834231252362637,2.22668143868938,56
"Rockland",0.00834565308046878,2.16862879838924,57
"Rockland",0.00834650837277869,1.60954910975541,58
"Rockland",0.00834672735571175,1.60817893276488,59
"Rockland",0.00834678342253757,3.14835286108859,60
"Rockland",0.00834679777748713,4.73163385566018,61
"Saratoga",0.0092301830746034,-0.0679200953575576,1
"Saratoga",0.0148436805946405,-0.183917113792039,2
"Saratoga",0.00317612813204852,-0.242221824534212,3
"Saratoga",-0.0254879992005984,-0.233218842968693,4
"Saratoga",0.152847649208978,-0.224215861403174,5
"Saratoga",0.339060956664479,-0.205597495222271,6
"Saratoga",0.86380119547139,-0.186979129041367,7
"Saratoga",0.528792240052856,-0.168360762860464,8
"Saratoga",2.70535582493861,-0.14974239667956,9
"Saratoga",2.42607810481679,2.86887596950134,10
"Saratoga",2.56601785901777,0.887494335682247,11
"Saratoga",6.1225788028513,0.90611270186315,12
"Saratoga",12.4702669512303,3.92473106804405,13
"Saratoga",16.7549988889967,3.94334943422496,14
"Saratoga",24.7282375671078,7.96196780040586,15
"Saratoga",20.9943080852908,2.98058616658676,16
"Saratoga",47.2793138182819,8.99920453276767,17
"Saratoga",34.7461914301639,1.01782289894857,18
"Saratoga",37.6941302558751,4.03644126512948,19
"Saratoga",42.7728344842944,5.05505963131038,20
"Saratoga",31.7215730574678,10.0736779974913,21
"Saratoga",18.6494747038605,8.09229636367219,22
"Saratoga",11.1343827897394,4.11091472985309,23
"Saratoga",10.6934805931744,7.12953309603399,24
"Saratoga",11.0176821500923,7.1481514622149,25
"Saratoga",8.36432696021385,-1.43899940237343,26
"Saratoga",5.75169775948184,-1.33384257465407,27
"Saratoga",4.6783410884649,-0.882531900780855,28
"Saratoga",5.33403399040603,-0.0562212269076445,29
"Saratoga",4.90919655343463,0.731627908504029,30
"Saratoga",3.73769163545542,1.25986165930032,31
"Saratoga",2.71529426952035,1.65348002548122,32
"Saratoga",0.540047797948872,1.89325223781597,33
"Saratoga",0.00313326142922821,1.9599475270738,34
"Saratoga",0.00313326142622367,2.01702743171624,35
"Saratoga",0.00313326143033692,2.05487656712791,36
"Saratoga",0.00313326143040156,2.07349493330882,37
"Saratoga",0.00313326141406663,2.09211329948972,38
"Saratoga",0.00313326145368553,2.0626547425937,39
"Saratoga",0.00313326141345101,2.00435003185153,40
"Saratoga",0.00313326139417126,1.93642993649397,41
"Saratoga",0.00313326165798504,1.87812522575179,42
"Saratoga",0.00313326127337285,1.78135897654808,43
"Saratoga",0.00313326186845036,1.70382349657514,44
"Saratoga",0.00313326295303722,1.67436493967912,45
"Saratoga",0.0031332604164632,1.61606022893695,46
"Saratoga",0.00313326626719123,1.50006321050247,47
"Saratoga",0.00313326147076824,1.34560465360645,48
"Saratoga",0.00313323855092354,1.24883840440273,49
"Saratoga",0.00313324226566441,1.16168753981441,50
"Saratoga",0.003133075095108,1.04569052137993,51
"Saratoga",0.00360368965540609,0.968155041406984,52
"Saratoga",0.00362819819551767,0.900234946049426,53
"Saratoga",0.00367589516456142,0.784237927614945,54
"Saratoga",0.00372577958900513,0.725933216872771,55
"Saratoga",0.00371288573930604,0.73493619843829,56
"Saratoga",0.00372052006516667,0.743939180003809,57
"Saratoga",0.00372212806323371,0.762557546184713,58
"Saratoga",0.00371934360047645,0.781175912365617,59
"Saratoga",0.00372070430873753,0.79979427854652,60
"Saratoga",0.00372028845991458,0.818412644727423,61
"Schenectady",1.1230650070675e-05,-0.029959315422049,1
"Schenectady",1.68299499117032e-05,-0.0695340154594826,2
"Schenectady",2.26195747430937e-05,-0.0898779462661474,3
"Schenectady",2.80423167824019e-05,-0.0717603386112735,4
"Schenectady",2.84243798210649e-05,-0.0536427309563996,5
"Schenectady",2.84124364568653e-05,-0.0355251233015257,6
"Schenectady",2.6750110390678e-05,0.982592484353348,7
"Schenectady",2.38356099867748e-05,2.00071009200822,8
"Schenectady",2.17884397186645e-05,0.0188276996630963,9
"Schenectady",1.98402718364732e-05,0.0369453073179702,10
"Schenectady",1.8701458970235e-05,4.05506291497284,11
"Schenectady",1.85620895498299e-05,3.07318052262772,12
"Schenectady",1.88074981859872e-05,8.09129813028259,13
"Schenectady",1.95479323229702e-05,2.10941573793747,14
"Schenectady",2.04144632851632e-05,4.12753334559234,15
"Schenectady",2.11213389472296e-05,2.14565095324721,16
"Schenectady",2.16779002159179e-05,9.16376856090209,17
"Schenectady",2.19352519695007e-05,1.18188616855696,18
"Schenectady",2.19392449998714e-05,3.20000377621184,19
"Schenectady",2.17854645015758e-05,5.21812138386671,20
"Schenectady",2.15163501007484e-05,6.23623899152158,21
"Schenectady",2.12409827976362e-05,6.25435659917646,22
"Schenectady",2.10160328057913e-05,3.27247420683133,23
"Schenectady",2.08654761031847e-05,7.29059181448621,24
"Schenectady",2.08099344545054e-05,15.3087094221411,25
"Schenectady",2.08287413530461e-05,-0.903942200973278,26
"Schenectady",2.0897187747884e-05,-0.693516901010711,27
"Schenectady",2.09899856730036e-05,-0.386937754894298,28
"Schenectady",2.10779605320008e-05,0.131179852760575,29
"Schenectady",2.11455964289274e-05,0.726220537338526,30
"Schenectady",2.11846750162052e-05,1.29241506807032,31
"Schenectady",2.1194128102867e-05,1.71437882957135,32
"Schenectady",2.11811850665169e-05,1.89595797568776,33
"Schenectady",2.11544630148668e-05,1.99099866026571,34
"Schenectady",2.11232988190639e-05,2.04757780638213,35
"Schenectady",2.10957355104858e-05,2.10415695249854,36
"Schenectady",2.10762511078044e-05,2.10304379092264,37
"Schenectady",2.10667255707828e-05,2.06346909088521,38
"Schenectady",2.1066390772472e-05,1.98543285238624,39
"Schenectady",2.10726395103625e-05,1.90739661388727,40
"Schenectady",2.10823922229947e-05,1.86782191384983,41
"Schenectady",2.10926120583979e-05,1.83786259842778,42
"Schenectady",2.11010210751717e-05,1.75982635992881,43
"Schenectady",2.11064055856288e-05,1.68179012142984,44
"Schenectady",2.11084735468703e-05,1.67106157523856,45
"Schenectady",2.11077302177806e-05,1.62187149058574,46
"Schenectady",2.11051266869802e-05,1.53421986747138,47
"Schenectady",2.11017189631884e-05,1.43695285974164,48
"Schenectady",2.10984483506583e-05,1.36853200585805,49
"Schenectady",2.10959569165144e-05,1.29049576735908,50
"Schenectady",2.10945425193634e-05,1.09707491347549,51
"Schenectady",2.10941999091602e-05,0.942115598053444,52
"Schenectady",2.10946978792118e-05,0.912156282631396,53
"Schenectady",2.10956966056626e-05,0.872581582593962,54
"Schenectady",2.10968481209845e-05,0.852237651787297,55
"Schenectady",2.10978688329922e-05,0.870355259442171,56
"Schenectady",2.10985832502194e-05,0.888472867097045,57
"Schenectady",2.10989286292064e-05,0.906590474751919,58
"Schenectady",2.10989364471281e-05,1.92470808240679,59
"Schenectady",2.10987001363923e-05,2.94282569006167,60
"Schenectady",2.10983374054086e-05,0.960943297716541,61
"Schoharie",9.3710748424191e-11,-0.00414167955359626,1
"Schoharie",7.78682827190625e-11,-0.0155056144320022,2
"Schoharie",7.78682827190623e-11,-0.0268695493104082,3
"Schoharie",7.78682827190633e-11,-0.0286180995734295,4
"Schoharie",7.78682827190597e-11,-0.0303666498364509,5
"Schoharie",7.78682827190721e-11,-0.0321152000994723,6
"Schoharie",7.78682827190299e-11,-0.0338637503624936,7
"Schoharie",7.78682827191682e-11,-0.035612300625515,8
"Schoharie",7.78682827187474e-11,-0.0373608508885363,9
"Schoharie",7.78682827198213e-11,-0.0391094011515577,10
"Schoharie",-0.0028261338999649,-0.0408579514145791,11
"Schoharie",-0.00565226787779809,-0.0426065016776004,12
"Schoharie",-0.00847840185563127,-0.0443550519406218,13
"Schoharie",-0.0028261338999649,-0.0461036022036431,14
"Schoharie",-0.0282613397004636,-0.0478521524666645,15
"Schoharie",-0.0141306698112976,2.95039929727031,16
"Schoharie",-0.0423920095896295,0.948650747007293,17
"Schoharie",-0.0593488134566286,0.946902196744271,18
"Schoharie",-0.0536965455009622,0.94515364648125,19
"Schoharie",-0.0621749474344618,0.943405096218229,20
"Schoharie",-0.0706533493679613,-0.0583434540447926,21
"Schoharie",-0.0395658756117963,0.939907995692186,22
"Schoharie",-0.0169568037891308,-0.0618405545708354,23
"Schoharie",-0.00847840185563126,-0.0635891048338567,24
"Schoharie",-0.0226090717447972,-0.0653376550968781,25
"Schoharie",-0.0028261338999649,-0.595932359206053,26
"Schoharie",-0.0113045358334645,-0.58806552485369,27
"Schoharie",-0.0028261338999649,-0.570583305885942,28
"Schoharie",-0.00565226787779808,-0.39925493307204,29
"Schoharie",-0.00565226787779808,-0.179849637181216,30
"Schoharie",-0.00847840185563127,-0.0854443412903909,31
"Schoharie",-0.0028261338999649,-0.000654430014950691,32
"Schoharie",-0.0028261338999649,0.0649047120297203,33
"Schoharie",7.78682860379243e-11,0.0823869309974681,34
"Schoharie",7.78682860380374e-11,0.0902537653498314,35
"Schoharie",7.78682860380027e-11,0.08850521508681,36
"Schoharie",7.78682860380129e-11,0.0867566648237887,37
"Schoharie",7.786828603801e-11,0.0850081145607673,38
"Schoharie",7.78682860380108e-11,0.083259564297746,39
"Schoharie",7.78682860380106e-11,0.0815110140347246,40
"Schoharie",7.78682860381638e-11,0.0797624637717032,41
"Schoharie",7.78682860381638e-11,0.0491677596625281,42
"Schoharie",7.78682860381638e-11,0.00895767093796822,43
"Schoharie",7.78682860381543e-11,-0.0120216485558224,44
"Schoharie",7.78682860381543e-11,-0.033000968049613,45
"Schoharie",7.78682860381548e-11,-0.0539802875434035,46
"Schoharie",7.78682860381548e-11,-0.0653442224218095,47
"Schoharie",7.78682860381548e-11,-0.0767081573002155,48
"Schoharie",7.78682860381548e-11,-0.0880720921786215,49
"Schoharie",7.78682860381548e-11,-0.0898206424416428,50
"Schoharie",7.78682860381548e-11,-0.0915691927046642,51
"Schoharie",7.78682860381548e-11,-0.0933177429676855,52
"Schoharie",7.76034469079450e-11,-0.0950662932307069,53
"Schoharie",7.7648219838567e-11,-0.106430228109113,54
"Schoharie",7.7648219838567e-11,-0.117794162987519,55
"Schoharie",7.7648219838567e-11,-0.11954271325054,56
"Schoharie",7.7648219838567e-11,-0.121291263513562,57
"Schoharie",7.7648219838567e-11,-0.123039813776583,58
"Schoharie",7.76482198385671e-11,-0.124788364039604,59
"Schoharie",7.76482198385667e-11,-0.126536914302626,60
"Schoharie",7.76482198385679e-11,-0.128285464565647,61
"Schuyler",0.0689136546038999,0.128183231346101,1
"Schuyler",-0.00297399136602228,-0.0736975577200868,2
"Schuyler",-0.00400054546678907,-0.0418842460643816,3
"Schuyler",-0.00502709965719839,-0.025421467116637,4
"Schuyler",-0.00605378045149507,0.0489185348003764,5
"Schuyler",-0.00708122073465212,0.503939259404125,6
"Schuyler",-0.00813248199607619,0.270290406707634,7
"Schuyler",-0.00913394934862999,0.160452147864689,8
"Schuyler",-0.010160503494218,0.113686485740723,9
"Schuyler",-0.0111871842436935,0.145357862015146,10
"Schuyler",-0.0122898849955958,0.637034721261619,11
"Schuyler",-0.0133135130573609,-0.000532483439597942,12
"Schuyler",-0.0143904939967923,0.0953670762371584,13
"Schuyler",-0.0207104565131365,1.3990115061825,14
"Schuyler",0.191499532872097,0.488026972676548,15
"Schuyler",0.114213011997588,0.288187750177453,16
"Schuyler",0.396677803700866,1.4272412649017,17
"Schuyler",0.233751968630557,2.32778424406076,18
"Schuyler",0.171953638793456,1.26399043022368,19
"Schuyler",0.288303192924743,1.59974676429878,20
"Schuyler",0.667985634097816,1.97600989695334,21
"Schuyler",0.316909411170024,0.95619012620957,22
"Schuyler",0.163965018743032,1.00696508248576,23
"Schuyler",0.188016895457665,-0.66838907172508,24
"Schuyler",0.0916875536019581,0.49538674507148,25
"Schuyler",0.0352934585263117,-0.337151301343032,26
"Schuyler",0.0339345167285416,-0.438664727486691,27
"Schuyler",0.0164459177044853,-0.283967752627813,28
"Schuyler",0.0301275498329523,-0.712142510571444,29
"Schuyler",-0.0356713586785704,-0.355628738037672,30
"Schuyler",-0.0323882472774515,-0.442540102720601,31
"Schuyler",-0.0337706158233065,-0.279274672251279,32
"Schuyler",-0.0347971699688946,-0.0703446584633642,33
"Schuyler",-0.0358237241144826,0.063347984628012,34
"Schuyler",-0.0368502782600707,0.148477485889261,35
"Schuyler",-0.0378768324056588,0.202272726805705,36
"Schuyler",-0.0389033865512468,0.236321888051725,37
"Schuyler",-0.0399299406968349,0.258143122574305,38
"Schuyler",-0.040956494842423,0.272493209201184,39
"Schuyler",-0.0419830489880111,0.282326885326087,40
"Schuyler",-0.0430096031335991,0.286407075708408,41
"Schuyler",-0.0440361572791872,0.287012024744211,42
"Schuyler",-0.0450627114247752,0.279130309843211,43
"Schuyler",-0.0460892655703633,0.259809460626908,44
"Schuyler",-0.0471158197159514,0.238898734953599,45
"Schuyler",-0.0481423738615394,0.222117221687268,46
"Schuyler",-0.0491689280071275,0.210940451486961,47
"Schuyler",-0.0501954821527156,0.197729971358063,48
"Schuyler",-0.0512220362983037,0.183946703283422,49
"Schuyler",-0.0522485904438917,0.172649626355403,50
"Schuyler",-0.0532751445894798,0.16274530229031,51
"Schuyler",-0.054301698733522,0.16497825368321,52
"Schuyler",-0.0554662504133393,0.295710764855877,53
"Schuyler",-0.0565655473065958,0.0938299757896886,54
"Schuyler",-0.0576648441998523,0.125643287445394,55
"Schuyler",-0.0587641410931089,0.142106066393138,56
"Schuyler",-0.0598634379863654,0.216446068310152,57
"Schuyler",-0.0609627348796219,0.6714667929139,58
"Schuyler",-0.0620620317728784,0.437817940217409,59
"Schuyler",-0.0631613286661349,0.327979681374464,60
"Schuyler",-0.0642606255593914,0.281214019250498,61
"Seneca",-0.000367741973506003,0.000909553908565841,1
"Seneca",-3.24871529006503e-05,0.000916531691305594,2
"Seneca",-0.000235541987260255,0.01053889408943,3
"Seneca",-0.000112557131494849,0.0105458718721697,4
"Seneca",-0.000187045753227692,-0.00867791957585973,5
"Seneca",-0.000141929997038633,-0.162517095639274,6
"Seneca",-0.00016925539800807,-0.297125502471919,7
"Seneca",-0.000152705137052418,-0.287503140073794,8
"Seneca",-0.000162729185299927,-0.27788077767567,9
"Seneca",-0.000156657888687889,-0.268258415277546,10
"Seneca",-0.000160335109870509,-0.258636052879421,11
"Seneca",-0.000158107915831085,-0.249013690481297,12
"Seneca",-0.000159456867401551,-0.239391328083173,13
"Seneca",-0.000158639843690436,-0.229768965685048,14
"Seneca",-0.000159134692993509,-0.220146603286924,15
"Seneca",-0.000158834976070462,0.7894757591112,16
"Seneca",-0.000159016506555405,-0.200901878490675,17
"Seneca",-0.000158906558419582,2.80872048390745,18
"Seneca",-0.000158973151050428,1.81834284630557,19
"Seneca",-0.000158932817683702,0.827965208703698,20
"Seneca",-0.000158957246519908,0.837587571101822,21
"Seneca",-0.00015894245063038,0.847209933499947,22
"Seneca",-0.000158951412103005,-0.143167704101929,23
"Seneca",-0.000158945984379889,2.8664546582962,24
"Seneca",-0.000158949271805902,-0.12392297930568,25
"Seneca",-0.000158947280700321,-0.171992924599863,26
"Seneca",-0.000158948486659457,-0.152755177586354,27
"Seneca",-0.00015894775624242,-0.114286661342076,28
"Seneca",-0.000158948198636389,0.0107203164406637,29
"Seneca",-0.000158947930690252,0.21265037114648,30
"Seneca",-0.000158948092978025,0.356888118159989,31
"Seneca",-0.000158947994684683,0.414587403635037,32
"Seneca",-0.000158948054218319,0.453055919879315,33
"Seneca",-0.000158948018160395,0.481909051508209,34
"Seneca",-0.00015894803999971,0.491531413906333,35
"Seneca",-0.000158948026772224,0.510769160919842,36
"Seneca",-0.000158948034783757,0.539622292548736,37
"Seneca",-0.000158948029931387,0.568475424177629,38
"Seneca",-0.000158948032870337,0.587713171191138,39
"Seneca",-0.000158948031090294,0.597335533589263,40
"Seneca",-0.000158948032168418,0.616573280602772,41
"Seneca",-0.000158948031515427,0.626195643000896,42
"Seneca",-0.000158948031910926,0.626202620783636,43
"Seneca",-0.000158948031671383,0.606978829335606,44
"Seneca",-0.000158948031816468,0.568524268656808,45
"Seneca",-0.000158948031728594,0.549300477208778,46
"Seneca",-0.000158948031781817,0.539692070376133,47
"Seneca",-0.000158948031749581,0.530083663543488,48
"Seneca",-0.000158948031769106,0.530090641326228,49
"Seneca",-0.00015894803175728,0.510866849878199,50
"Seneca",-0.000158948031764443,0.491643058430169,51
"Seneca",-0.000158948031760105,0.501265420828294,52
"Seneca",-0.000158948031762732,0.501272398611033,53
"Seneca",-0.000158948031761141,0.501279376393773,54
"Seneca",-0.000158948031762104,0.510901738791897,55
"Seneca",-0.000158948031761521,0.510908716574637,56
"Seneca",-0.000158948031761874,0.491684925126608,57
"Seneca",-0.00015894803176166,0.337845749063194,58
"Seneca",-0.00015894803176179,0.203237342230549,59
"Seneca",-0.000158948031761711,0.212859704628673,60
"Seneca",-0.000158948031761759,0.222482067026798,61
"St lawrence",-1.67218031355326e-05,-0.0911022914418429,1
"St lawrence",7.66601259620082e-05,-0.111350249050314,2
"St lawrence",0.0163374753675357,0.726726540994621,3
"St lawrence",-0.0403350178223068,0.00156049784240508,4
"St lawrence",0.00657133783853419,-0.0287746705737879,5
"St lawrence",0.802597114481351,0.0559697921762226,6
"St lawrence",-0.00511026433848394,0.794724794294795,7
"St lawrence",0.20745842636462,0.300012562356251,8
"St lawrence",0.316077532299641,1.11586593166119,9
"St lawrence",-0.0211945825897308,1.19959851736114,10
"St lawrence",1.19189514025475,1.95676810444349,11
"St lawrence",1.3098968894999,2.39057589833209,12
"St lawrence",0.282934218750296,0.361019349601978,13
"St lawrence",1.96452753781914,2.69128354364299,14
"St lawrence",6.13136636843797,2.09218535620989,15
"St lawrence",11.4946745927581,3.4188872008973,16
"St lawrence",11.2456117924575,6.0630802728019,17
"St lawrence",13.6935002113706,15.7776088548212,18
"St lawrence",36.289916869551,25.7394257260122,19
"St lawrence",22.4415934000316,13.4863954304934,20
"St lawrence",15.0565638588225,14.1521244473397,21
"St lawrence",17.0099989948573,15.7867970135619,22
"St lawrence",10.5209156678782,14.8816730269911,23
"St lawrence",8.36490947401992,4.5471297042316,24
"St lawrence",5.77136618519951,2.76120151943928,25
"St lawrence",5.48179780016624,1.28088184400252,26
"St lawrence",3.99073287718178,0.0890934525770044,27
"St lawrence",3.5225321813142,-0.653242232041423,28
"St lawrence",1.00090028097947,-0.42683963554626,29
"St lawrence",1.56441445698094,0.758598723127283,30
"St lawrence",0.715822616488403,1.30367938470144,31
"St lawrence",1.14436596262995,2.37801460749151,32
"St lawrence",0.0812700250532907,2.09914781848684,33
"St lawrence",5.66948616576024e-05,2.46942732352467,34
"St lawrence",5.66948616576163e-05,3.17120015159189,35
"St lawrence",5.66948616576093e-05,3.42551076953105,36
"St lawrence",5.66948616576093e-05,3.53079205045263,37
"St lawrence",5.66948616576085e-05,3.57513992439155,38
"St lawrence",5.66948616576085e-05,3.60887281017114,39
"St lawrence",5.66948616576084e-05,3.63856429123607,40
"St lawrence",5.66948616576085e-05,3.65990150034154,41
"St lawrence",5.66948616576085e-05,3.67929579639533,42
"St lawrence",5.66948616576085e-05,3.66938286420004,43
"St lawrence",5.66948616576085e-05,3.54548058232057,44
"St lawrence",5.66948616576085e-05,3.27362226347022,45
"St lawrence",5.66948616576085e-05,2.98682411724128,46
"St lawrence",5.66948616576085e-05,2.74920596218061,47
"St lawrence",5.66948616576085e-05,2.45718801137524,48
"St lawrence",5.66948616576085e-05,2.16164490920409,49
"St lawrence",5.66948616597293e-05,2.00705001763071,50
"St lawrence",5.66963249198922e-05,1.9408346165907,51
"St lawrence",6.97455602097624e-05,1.95235517007298,52
"St lawrence",6.6487290294282e-05,1.8651429062018,53
"St lawrence",6.80768981487899e-05,1.84489494859333,54
"St lawrence",6.80768981487899e-05,2.68297173863826,55
"St lawrence",6.80768981487899e-05,1.95780569548605,56
"St lawrence",6.80768981487899e-05,1.92747052706985,57
"St lawrence",6.80768981487899e-05,2.01221498981986,58
"St lawrence",6.80768981487899e-05,2.75096999193844,59
"St lawrence",6.80768981487899e-05,2.25625775999989,60
"St lawrence",6.80768981487899e-05,3.07211112930483,61
"Steuben",0.655941930572213,-0.0684610787487929,1
"Steuben",1.36901492156339,0.95923168865626,2
"Steuben",1.93415650076378,0.977309071445928,3
"Steuben",2.76226439047785,-0.023844314995173,4
"Steuben",2.93338081073618,-0.0153823168208893,5
"Steuben",3.39917422222091,1.01231045058416,6
"Steuben",3.26079894039055,0.0400032179892165,7
"Steuben",3.57963346299014,1.06769598539427,8
"Steuben",3.40702642715246,0.0953887527993222,9
"Steuben",3.86186716944274,0.123081520204375,10
"Steuben",4.95714466110916,0.150774287609428,11
"Steuben",4.20669681327414,2.17846705501448,12
"Steuben",4.33236026691302,2.20615982241953,13
"Steuben",5.97963273851922,0.233852589824587,14
"Steuben",7.63967380051033,1.26154535722964,15
"Steuben",7.80455775374039,2.28923812463469,16
"Steuben",9.46930934477548,7.31693089203974,17
"Steuben",14.1853718800259,18.3446236594448,18
"Steuben",15.2388883018882,13.3723164268498,19
"Steuben",14.4421331996612,20.4000091942549,20
"Steuben",10.4987631044689,22.42770196166,21
"Steuben",10.4146440088586,15.455394729065,22
"Steuben",7.80807070164135,7.48308749647006,23
"Steuben",8.50142023178538,4.51078026387512,24
"Steuben",9.61189970219585,2.53847303128017,25
"Steuben",11.249928197729,-2.31844958593016,26
"Steuben",8.29888698882337,-1.9830645108328,27
"Steuben",7.43734007729271,-0.878448666504674,28
"Steuben",6.25388997855824,0.658859485515764,29
"Steuben",5.14300555496632,1.75385994522851,30
"Steuben",5.09466345103182,2.52193732801818,31
"Steuben",4.57949207552687,2.97270701850015,32
"Steuben",4.07579931826152,3.07732286282828,33
"Steuben",4.1969720536759,3.14347716869487,34
"Steuben",4.19743064294954,3.1904007053307,35
"Steuben",4.19779797061828,3.23732424196652,36
"Steuben",4.19809229563269,3.27463239398696,37
"Steuben",4.19832824816182,3.29270977677662,38
"Steuben",4.1985175568228,3.29155639033552,39
"Steuben",4.19866963168128,3.30963377312519,40
"Steuben",4.19879203200264,3.33732654053024,41
"Steuben",4.19889084200435,3.33617315408914,42
"Steuben",4.19897097328742,3.27732745995574,43
"Steuben",4.19903640897986,3.07425099659156,44
"Steuben",4.19909040172825,2.81348222553507,45
"Steuben",4.19913563537867,2.52386730063243,46
"Steuben",4.19917435838407,2.14771391419133,47
"Steuben",4.19920849556938,1.81963745082715,48
"Steuben",4.19923974380969,1.63579175669375,49
"Steuben",4.1992696563778,1.55771529332957,50
"Steuben",4.19929972015356,1.52771575304231,51
"Steuben",4.19923298883097,1.44002390506275,52
"Steuben",4.32291007578885,1.37156282631396,53
"Steuben",4.45619207454509,2.39925559371901,54
"Steuben",4.56405575319313,2.41733297650868,55
"Steuben",4.57321499962895,1.41617959006758,56
"Steuben",4.68158808102123,1.42464158824186,57
"Steuben",4.70078851516573,2.45233435564691,58
"Steuben",4.82119607957678,1.48002712305197,59
"Steuben",4.82932182427122,2.50771989045702,60
"Steuben",4.92372683327594,1.53541265786207,61
"Suffolk",6.05531506844443,-0.190537387780829,1
"Suffolk",14.3141702455258,1.84969445520756,2
"Suffolk",22.3883066100405,0.034157067426726,3
"Suffolk",31.1486824567933,1.31477352579974,4
"Suffolk",36.50151915115,9.58577459955736,5
"Suffolk",41.2762377404029,3.8471602886996,6
"Suffolk",43.5181110157872,9.10854597784184,7
"Suffolk",46.4855522314777,12.3699316669841,8
"Suffolk",50.9987703332196,18.6313173561263,9
"Suffolk",53.1932584386065,28.8927030452686,10
"Suffolk",61.1314593180817,76.1540887344108,11
"Suffolk",75.3948453586939,98.415474423553,12
"Suffolk",94.2426049641878,135.676860112695,13
"Suffolk",104.903664268044,194.938245801838,14
"Suffolk",137.906159878652,252.19963149098,15
"Suffolk",160.456537537009,265.461017180122,16
"Suffolk",218.068613498978,198.722402869264,17
"Suffolk",313.996421485031,207.983788558406,18
"Suffolk",304.033572561787,215.245174247549,19
"Suffolk",302.093434515607,158.506559936691,20
"Suffolk",237.411476135078,114.767945625833,21
"Suffolk",134.974824680185,70.0293313149755,22
"Suffolk",95.6499004059167,74.2907170041177,23
"Suffolk",91.9765863575217,56.5521026932599,24
"Suffolk",83.1188643467953,46.8134883824022,25
"Suffolk",85.8894858914336,-14.934741313071,26
"Suffolk",72.6034683125703,-14.2887402393133,27
"Suffolk",75.2197496793725,-11.1138930117095,28
"Suffolk",68.8579611486082,-4.3525073225673,29
"Suffolk",64.8106868838141,-2.66804471034816,30
"Suffolk",58.3565513591927,7.22795636340948,31
"Suffolk",54.8147013146196,20.8739574371671,32
"Suffolk",52.8894161780786,30.827650818617,33
"Suffolk",49.0136507948199,37.7044211231439,34
"Suffolk",49.0138097982593,41.2927298892092,35
"Suffolk",49.013921724204,43.1695001937361,36
"Suffolk",49.0140005464264,43.7289628059552,37
"Suffolk",49.0140560332432,43.2595792643283,38
"Suffolk",49.0140951060024,42.0882726457782,39
"Suffolk",49.0141226072051,39.9073506426127,40
"Suffolk",49.0141419727697,36.6206594086781,41
"Suffolk",49.0141555898959,32.5839681747434,42
"Suffolk",49.014165184181,28.8742000177317,43
"Suffolk",49.0141718950291,25.6163549376432,44
"Suffolk",49.0141766486511,22.1565867806316,45
"Suffolk",49.0141798779273,19.0237417005431,46
"Suffolk",49.0141822583563,16.7851273896854,47
"Suffolk",49.0141836112248,15.4503592326738,48
"Suffolk",49.0141849277526,14.5194372295083,49
"Suffolk",49.0141859131006,13.6654383032659,50
"Suffolk",49.0141871444857,13.0422086077928,51
"Suffolk",49.0141880582441,13.5920558353966,52
"Suffolk",50.4226149422953,13.4015184476157,53
"Suffolk",52.4115627710526,15.4417502906041,54
"Suffolk",54.1638081272253,13.6262129028233,55
"Suffolk",56.235238028957,14.9068293611963,56
"Suffolk",57.2609782578753,23.1778304349539,57
"Suffolk",58.4398896171352,17.4392161240962,58
"Suffolk",58.7977699693017,22.7006018132384,59
"Suffolk",59.6094100091867,25.9619875023806,60
"Suffolk",61.1052379737711,32.2233731915229,61
"Sullivan",0,-0.0240983883784618,1
"Sullivan",0,-0.0481967767569237,2
"Sullivan",0,-0.0722951651353855,3
"Sullivan",0,-0.077162784283078,4
"Sullivan",0,-0.0724150188153859,5
"Sullivan",0,-0.0772826379630785,6
"Sullivan",0,-0.0821502571107713,7
"Sullivan",0,-0.0774024916430792,8
"Sullivan",0,-0.0726547261753872,9
"Sullivan",0,0.932093039292305,10
"Sullivan",0,-0.0631591952400031,11
"Sullivan",0,7.94158857022769,12
"Sullivan",0,5.94633633569538,13
"Sullivan",0,3.95108410116307,14
"Sullivan",0,0.955831866630765,15
"Sullivan",0,-0.0394203679015429,16
"Sullivan",0,1.96532739756615,17
"Sullivan",0,1.97007516303384,18
"Sullivan",0,-0.0251770714984668,19
"Sullivan",0,5.97957069396923,20
"Sullivan",0,1.98431845943692,21
"Sullivan",0,5.98906622490461,22
"Sullivan",0,-0.00618600962769866,23
"Sullivan",0,2.99856175583999,24
"Sullivan",0,1.00330952130769,25
"Sullivan",0,-0.665019636301545,26
"Sullivan",0,-0.660271870833853,27
"Sullivan",0,-0.655524105366161,28
"Sullivan",0,-0.593084032206161,29
"Sullivan",0,-0.347951651353854,30
"Sullivan",0,0.166411498729222,31
"Sullivan",0,0.584620802658453,32
"Sullivan",0,0.72398395274153,33
"Sullivan",0,0.796039410516914,34
"Sullivan",0,0.82963332983076,35
"Sullivan",0,0.843996479913837,36
"Sullivan",0,0.848744245381529,37
"Sullivan",0,0.786184318541528,38
"Sullivan",0,0.694778237855374,39
"Sullivan",0,0.651449080246143,40
"Sullivan",0,0.627350691867681,41
"Sullivan",0,0.622483072719989,42
"Sullivan",0,0.608000068956912,43
"Sullivan",0,0.58390168057845,44
"Sullivan",0,0.579034061430757,45
"Sullivan",0,0.526089519206141,46
"Sullivan",0,0.453914207750757,47
"Sullivan",0,0.381738896295372,48
"Sullivan",0,0.328794354070756,49
"Sullivan",0,0.304695965692294,50
"Sullivan",0,0.270982192698448,51
"Sullivan",0,0.246883804319986,52
"Sullivan",0,0.222785415941524,53
"Sullivan",0,0.198687027563062,54
"Sullivan",0,0.1745886391846,55
"Sullivan",0,0.169721020036908,56
"Sullivan",0,0.1744687855046,57
"Sullivan",0,0.169601166356908,58
"Sullivan",0,0.164733547209215,59
"Sullivan",0,0.169481312676907,60
"Sullivan",0,0.174229078144599,61
"Tioga",-0.0109855343634204,-0.0286421563154682,1
"Tioga",-0.00474625529410631,-0.0284381587847822,2
"Tioga",-0.0109923179537324,-0.00900339202332723,3
"Tioga",0.00327353290204544,0.0104313747381279,4
"Tioga",-0.377204571488868,1.02986614149958,5
"Tioga",-0.0409048014670177,0.0493009082610381,6
"Tioga",-0.190290106486131,0.068735675022493,7
"Tioga",0.335659215473078,0.0881704417839482,8
"Tioga",-0.05419682404334,0.107605208545403,9
"Tioga",1.02532900783374,1.12703997530686,10
"Tioga",1.64937699975637,0.146474742068313,11
"Tioga",0.434072947833372,3.16590950882977,12
"Tioga",0.712243608479537,3.18534427559122,13
"Tioga",4.93657680777355,0.204779042352679,14
"Tioga",3.82043572375639,4.22421380911413,15
"Tioga",8.53849347092361,3.24364857587559,16
"Tioga",27.3360139474936,5.26308334263704,17
"Tioga",24.7855588889692,4.2825181093985,18
"Tioga",32.5158551471084,8.30195287615995,19
"Tioga",35.4289844484432,8.32138764292141,20
"Tioga",22.404029053697,10.3408224096829,21
"Tioga",12.0244372673292,5.36025717644432,22
"Tioga",7.89633283555519,1.37969194320577,23
"Tioga",3.11926893578835,1.39912670996723,24
"Tioga",4.34853829481711,1.41856147672868,25
"Tioga",8.8979240924237,0.41876547425937,26
"Tioga",1.87193840582738,0.438200241020825,27
"Tioga",2.17486979560465,0.486481161628434,28
"Tioga",4.35762133546267,0.813608236082197,29
"Tioga",1.79408123082438,1.20804300284365,30
"Tioga",2.54488094968585,1.40055469268203,31
"Tioga",0.961043379109192,1.54498945944348,32
"Tioga",-0.108678449884988,1.62211653389725,33
"Tioga",-0.00940758174104121,1.65116668527409,34
"Tioga",-0.00941440267899182,1.68983222126631,35
"Tioga",-0.00941241822233913,1.71888237264315,36
"Tioga",-0.00942470849643535,1.73831713940461,37
"Tioga",-0.00940874416065808,1.74813652155068,38
"Tioga",-0.0093698888804583,1.72910974985059,39
"Tioga",-0.00937236144475712,1.72931374738128,40
"Tioga",-0.00934036323953884,1.7102869756812,41
"Tioga",-0.00931431910192728,1.67202943475034,42
"Tioga",-0.00942890440029351,1.62415650920411,43
"Tioga",-0.00946468259105668,1.5570528144271,44
"Tioga",-0.00949402256439344,1.46110296580394,45
"Tioga",-0.00969546676604672,1.32669157871924,46
"Tioga",-0.00955525796883576,1.17304942240377,47
"Tioga",-0.00926674043573659,1.05786880454984,48
"Tioga",-0.00937301971321659,1.02922664823437,49
"Tioga",-0.00877190071977327,1.02943064576506,50
"Tioga",-0.00850267290597108,1.02963464329575,51
"Tioga",-0.0141191567989773,1.01060787159566,52
"Tioga",-0.0138548178331593,0.981965715280195,53
"Tioga",-0.0144474293923026,0.982169712810881,54
"Tioga",-0.0151636304890678,1.00160447957234,55
"Tioga",-0.0139010163552884,1.02103924633379,56
"Tioga",-0.0130594978369457,2.04047401309525,57
"Tioga",-0.0131061344414904,1.0599087798567,58
"Tioga",-0.0125859894884456,1.07934354661816,59
"Tioga",-0.0126984848887239,1.09877831337961,60
"Tioga",-0.0131015997610296,1.11821308014107,61
"Tompkins",-0.0322511135121102,-0.0476915031950034,1
"Tompkins",-0.0180504903432019,-0.0376906986976988,2
"Tompkins",-0.0160142727984472,-0.00845912496962553,3
"Tompkins",0.0156073527923734,0.0303878333738323,4
"Tompkins",0.191720725736794,0.0884655609480589,5
"Tompkins",0.207529690011785,0.156158673137671,6
"Tompkins",0.877078509725854,0.223851785327283,7
"Tompkins",0.794833728155424,0.291544897516895,8
"Tompkins",0.417367870242935,2.35923800970651,9
"Tompkins",2.26991278135988,3.42693112189612,10
"Tompkins",3.63025389509764,0.49462423408573,11
"Tompkins",7.09134509206592,0.562317346275342,12
"Tompkins",10.8856287547403,2.63001045846495,13
"Tompkins",11.2812522527781,0.697703570654565,14
"Tompkins",9.05098115223657,2.76539668284418,15
"Tompkins",9.08321601783167,16.8330897950338,16
"Tompkins",23.183709625597,31.9007829072234,17
"Tompkins",34.3932220599439,19.968476019413,18
"Tompkins",46.5030574497171,30.0361691316026,19
"Tompkins",31.6601023436256,12.1038622437922,20
"Tompkins",19.3314305799786,11.1715553559818,21
"Tompkins",7.23948731551173,9.23924846817146,22
"Tompkins",8.09229692073553,2.30694158036107,23
"Tompkins",6.72313343635001,4.37463469255068,24
"Tompkins",7.00177806707635,7.4423278047403,25
"Tompkins",3.71996093128273,3.29848245539144,26
"Tompkins",1.26782828861595,3.45271402911952,27
"Tompkins",2.43106708528506,3.62617637207836,28
"Tompkins",0.990506565079412,3.82848486888336,29
"Tompkins",3.29587051860669,4.09810105799605,30
"Tompkins",3.48442446920304,4.36771724710873,31
"Tompkins",0.500180799434192,4.60848728237527,32
"Tompkins",0.23513064291078,4.80118039456488,33
"Tompkins",-0.0120786320459026,4.90733504521603,34
"Tompkins",-0.0120786320459024,4.97502815740564,35
"Tompkins",-0.0120786320459024,5.0138751157491,36
"Tompkins",-0.0120786320459024,5.12002976640025,37
"Tompkins",-0.0120786320459026,5.25503057089756,38
"Tompkins",-0.0120786320459026,5.31310829847178,39
"Tompkins",-0.0120786320459026,5.36157064143063,40
"Tompkins",-0.0120786320459026,5.41003298438947,41
"Tompkins",-0.0120786320459026,5.30464917350216,42
"Tompkins",-0.0120786320459026,4.92041920876869,43
"Tompkins",-0.0120786320459026,4.50734309018907,44
"Tompkins",-0.0120786320459026,4.11349774084022,45
"Tompkins",-0.0120786320459026,3.80619085302984,46
"Tompkins",-0.0120786320459026,3.68157627291176,47
"Tompkins",-0.0120786320459026,3.57619246202444,48
"Tompkins",-0.0120786320445346,3.55734711267559,49
"Tompkins",-0.0120775886542982,3.58657868640367,50
"Tompkins",-0.0120780705907883,3.5773487216702,51
"Tompkins",-0.0120781402073377,3.52004183385981,52
"Tompkins",-0.0201721037564929,3.47235033066481,53
"Tompkins",-0.0166095529114952,3.48235113516211,54
"Tompkins",-0.0151054192697198,3.51158270889019,55
"Tompkins",-0.0151054192697198,3.55042966723365,56
"Tompkins",-0.0151054192697198,3.60850739480787,57
"Tompkins",-0.0151054192697198,3.67620050699749,58
"Tompkins",-0.0151054192697198,3.7438936191871,59
"Tompkins",-0.0151054192697198,3.81158673137671,60
"Tompkins",-0.0151054192697198,5.87927984356632,61
"Ulster",0.000370861889373734,0.29616442367996,1
"Ulster",0.000135622669371267,-0.137212493525564,2
"Ulster",5.29698198697735e-05,-0.201371282646527,3
"Ulster",8.02693684482724e-05,-0.229559078919291,4
"Ulster",9.59668701954131e-05,0.334706667391243,5
"Ulster",9.34604243725785e-05,0.108147141735398,6
"Ulster",9.07693912957245e-05,1.00013128309249,7
"Ulster",9.08640728706706e-05,0.252813882472294,8
"Ulster",9.12890942419769e-05,0.950145262508893,9
"Ulster",9.13205611379616e-05,1.42389983705305,10
"Ulster",9.12584639903672e-05,5.06461359449638,11
"Ulster",9.12468845811632e-05,7.82634489131417,12
"Ulster",9.12552005547012e-05,7.64714079898032,13
"Ulster",9.1257886461586e-05,12.462346350655,14
"Ulster",9.12568958198249e-05,8.1148424022695,15
"Ulster",9.12563744926785e-05,10.6569580175045,16
"Ulster",9.1256470680646e-05,7.17682209783105,17
"Ulster",9.12565614551576e-05,12.7702410455139,18
"Ulster",9.12565564673017e-05,-3.14992703040914,19
"Ulster",9.12565419359676e-05,-2.55519155270872,20
"Ulster",9.12565411299592e-05,2.94004113989622,21
"Ulster",9.12565432822814e-05,1.55639227168868,22
"Ulster",9.12565436397577e-05,0.734885191601444,23
"Ulster",9.12565433467669e-05,4.48014582357808,24
"Ulster",9.12565432599185e-05,4.53155178893706,25
"Ulster",9.12565432956645e-05,1.63319922699879,26
"Ulster",9.12565433129239e-05,-4.00467079342604,27
"Ulster",9.1256543309285e-05,-5.77861870388349,28
"Ulster",9.12565433062304e-05,-3.82868917382711,29
"Ulster",9.12565433064603e-05,0.142238480232526,30
"Ulster",9.1256543306956e-05,-0.954575167163254,31
"Ulster",9.12565433069743e-05,-0.344504832327185,32
"Ulster",9.12565433068999e-05,-1.61441849580936,33
"Ulster",9.1256543306889e-05,-1.84005782973684,34
"Ulster",9.12565433068993e-05,-0.760548511669835,35
"Ulster",9.12565433069021e-05,-0.168006932100028,36
"Ulster",9.12565433069008e-05,0.0678314076546963,37
"Ulster",9.12565433069002e-05,0.143765518975885,38
"Ulster",9.12565433069003e-05,0.13929972821791,39
"Ulster",9.12565433069005e-05,0.0798555364632242,40
"Ulster",9.12565433069004e-05,-0.00917091637295919,41
"Ulster",9.12565433069004e-05,-0.109495804974374,42
"Ulster",9.12565433069004e-05,-0.212764415315331,43
"Ulster",9.12565433069004e-05,-0.304759284404801,44
"Ulster",9.12565433069004e-05,-0.397730392333416,45
"Ulster",9.12565433069004e-05,-0.523868069617548,46
"Ulster",9.12565433069004e-05,-0.682693881364944,47
"Ulster",9.12565433069004e-05,-0.84635530069273,48
"Ulster",9.12565433069004e-05,-0.995310778122068,49
"Ulster",9.12565433069004e-05,-1.12548525671918,50
"Ulster",9.12565433069004e-05,-1.23956509230016,51
"Ulster",9.12565433069004e-05,-1.36628105523777,52
"Ulster",9.12565433069004e-05,-1.07011663155781,53
"Ulster",9.12565433069004e-05,-1.50349354876333,54
"Ulster",9.12565433069004e-05,-1.5676523378843,55
"Ulster",9.12565433069004e-05,-1.59584013415706,56
"Ulster",9.12565433069004e-05,-1.03157438784653,57
"Ulster",9.12565433069004e-05,-1.25813391350237,58
"Ulster",9.12565433069004e-05,-0.366149772145284,59
"Ulster",9.12565433069004e-05,-1.11346717276548,60
"Ulster",9.12565433069004e-05,-0.416135792728876,61
"Warren",0.375586154316641,0.0409859995173373,1
"Warren",0.680102106927345,-0.102245424808602,2
"Warren",0.926996100032928,-0.108748703873813,3
"Warren",1.12717163536702,-0.00547156474120786,4
"Warren",1.28946900211241,0.0266354358276681,5
"Warren",1.42105568781068,-0.195838722367775,6
"Warren",1.52774291385924,-0.046626832034478,7
"Warren",1.61424227465353,-0.0466700173276567,8
"Warren",1.68437381424772,0.261373890084665,9
"Warren",2.04884930613711,0.860701944670509,10
"Warren",2.01804708419032,1.0399676550074,11
"Warren",2.43994319604955,1.82862804694478,12
"Warren",3.16238106158195,1.34570216670926,13
"Warren",3.18695166076952,0.298538956965886,14
"Warren",3.59139111457866,0.864636777864526,15
"Warren",2.60779538399148,0.657323132434463,16
"Warren",3.3899271768018,1.91797195084673,17
"Warren",3.24673727559987,0.916377188607288,18
"Warren",3.79367109869474,0.572079683270734,19
"Warren",4.26207237142135,2.79969911925549,20
"Warren",3.80630923814471,2.24667270851245,21
"Warren",2.6573425359184,-1.5347130519563,22
"Warren",2.35344776323424,-0.467537983437497,23
"Warren",2.35646368794966,0.926023236928978,24
"Warren",2.0512943486415,0.96199212347583,25
"Warren",2.20708417449189,0.48078222366043,26
"Warren",2.13178792283566,0.326007301384206,27
"Warren",2.05618751272336,-0.76875609097355,28
"Warren",2.21105143075132,-0.856373904874959,29
"Warren",2.21190812005725,-1.1438706474923,30
"Warren",2.05879541434142,-0.426019736875449,31
"Warren",1.9824549205151,-0.30856591598759,32
"Warren",1.98291150880638,-0.421536534002562,33
"Warren",1.98328169928565,-0.107503855010062,34
"Warren",1.98358184055855,0.203960883518717,35
"Warren",1.98382518766969,0.314954136068398,36
"Warren",1.98402248748096,0.344593364245531,37
"Warren",1.98418245328185,0.351903541798382,38
"Warren",1.98431214959169,0.354144868417833,39
"Warren",1.98441730414781,0.355368387840646,40
"Warren",1.98450256085779,0.356405099593857,41
"Warren",1.98457168488687,0.339709525609804,42
"Warren",1.98462772893781,0.30106709606476,43
"Warren",1.98467316806639,0.268131869837245,44
"Warren",1.98471000898656,0.243886279775105,45
"Warren",1.98473987869227,0.210545993191675,46
"Warren",1.98476409630994,0.173182569834901,47
"Warren",1.98478373135461,0.139792626592515,48
"Warren",1.98479965096257,0.114285112031469,49
"Warren",1.98481255818645,0.0979533670913283,50
"Warren",1.98482302304394,0.0778643796268787,51
"Warren",1.98483150769122,0.0519294800648847,52
"Warren",2.01372233077158,0.092915479582222,53
"Warren",2.0371462946502,-0.0503159447437177,54
"Warren",2.05613786447362,-0.0568192238089282,55
"Warren",2.07153575896437,0.0464579153236769,56
"Warren",2.08401999049196,0.0785649158925529,57
"Warren",2.09414189624527,-0.14390924230289,58
"Warren",2.10234848676326,0.0053026480304067,59
"Warren",2.10900218712082,0.00525946273722799,60
"Warren",2.11439684259329,0.31330337014955,61
"Washington",0,-0.0363686140974197,1
"Washington",0,-0.0727372281948394,2
"Washington",0,-0.0802596884461052,3
"Washington",0,-0.0781667640819865,4
"Washington",0,-0.0760738397178677,5
"Washington",0,-0.073980915353749,6
"Washington",0,-0.0718879909896302,7
"Washington",0,-0.0697950666255114,8
"Washington",0,-0.0677021422613927,9
"Washington",0,-0.0656092178972739,10
"Washington",0,-0.0635162935331552,11
"Washington",0,-0.0614233691690364,12
"Washington",0,-0.0593304448049176,13
"Washington",0,-0.0572375204407989,14
"Washington",0,-0.0551445960766801,15
"Washington",0,0.946948328287439,16
"Washington",0,-0.0509587473484426,17
"Washington",0,-0.0488658229843238,18
"Washington",0,-0.0467728986202051,19
"Washington",0,1.95532002574391,20
"Washington",0,0.957412950108032,21
"Washington",0,0.959505874472151,22
"Washington",0,1.96159879883627,23
"Washington",0,-0.0363082767996113,24
"Washington",0,0.965784647564507,25
"Washington",0,-0.397507043455989,26
"Washington",0,-0.376183349861101,27
"Washington",0,-0.30678273318929,28
"Washington",0,-0.121997501132864,29
"Washington",0,0.033941577077409,30
"Washington",0,0.112957578364605,31
"Washington",0,0.1919735796518,32
"Washington",0,0.222912657862073,33
"Washington",0,0.234620966841576,34
"Washington",0,0.236713891205695,35
"Washington",0,0.238806815569814,36
"Washington",0,0.240899739933933,37
"Washington",0,0.242992664298051,38
"Washington",0,0.24508558866217,39
"Washington",0,0.247178513026289,40
"Washington",0,0.249271437390408,41
"Washington",0,0.241748977139142,42
"Washington",0,0.234226516887876,43
"Washington",0,0.236319441251995,44
"Washington",0,0.238412365616113,45
"Washington",0,0.221274520749463,46
"Washington",0,0.194521291267428,47
"Washington",0,0.177383446400777,48
"Washington",0,0.150630216918742,49
"Washington",0,0.133492372052092,50
"Washington",0,0.125969911800826,51
"Washington",0,0.108832066934176,52
"Washington",0,0.0724634528367558,53
"Washington",0,0.0360948387393361,54
"Washington",0,0.0285723784880703,55
"Washington",0,0.0306653028521891,56
"Washington",0,0.0327582272163078,57
"Washington",0,0.0348511515804266,58
"Washington",0,0.0369440759445453,59
"Washington",0,0.0390370003086641,60
"Washington",0,0.0411299246727829,61
"Wayne",1.37818019758255,-0.11479766071886,1
"Wayne",2.7513677180434,-0.219979936822335,2
"Wayne",4.32188115309753,-0.257854520618118,3
"Wayne",5.8097783048755,-0.209190642875439,4
"Wayne",6.77385563294797,0.868319388713394,5
"Wayne",7.55442069912328,0.945829420302227,6
"Wayne",8.18031479819707,0.0233394518910606,7
"Wayne",8.56998895049846,0.100849483479894,8
"Wayne",8.86849719655614,0.178359515068727,9
"Wayne",9.09815550586497,0.255869546657559,10
"Wayne",9.24039796021788,0.333379578246392,11
"Wayne",9.34781647199494,0.410889609835225,12
"Wayne",9.42913204981282,1.48839964142406,13
"Wayne",9.4796461177291,8.56590967301289,14
"Wayne",9.51763664316517,4.64341970460172,15
"Wayne",9.54613362198771,3.72092973619056,16
"Wayne",9.56392853221381,9.79843976777939,17
"Wayne",9.57729361726485,21.8759497993682,18
"Wayne",9.58725079134709,21.9534598309571,19
"Wayne",9.59350436079049,32.0309698625459,20
"Wayne",9.59819803827665,26.1084798941347,21
"Wayne",9.60167449816746,37.1859899257236,22
"Wayne",9.60387053024581,32.2634999573124,23
"Wayne",9.60551781322145,19.3410099889012,24
"Wayne",9.60673145156153,19.4185200204901,25
"Wayne",9.60750243685718,0.784491590540423,26
"Wayne",9.60808037626182,0.919693929821563,27
"Wayne",9.60850409544362,1.22797319217963,28
"Wayne",9.60877474946724,2.36317553146077,29
"Wayne",9.60897747273178,3.84453171689576,30
"Wayne",9.60912542727995,4.98934944079228,31
"Wayne",9.60922043563413,5.81685947238111,32
"Wayne",9.60929153248234,6.21167719627764,33
"Wayne",9.60934320335346,6.42380261248186,34
"Wayne",9.60937655306828,6.54938956714761,35
"Wayne",9.60940148360436,6.6557457525826,36
"Wayne",9.60941953167237,6.7524865534022,37
"Wayne",9.60943123759298,6.90691966191411,38
"Wayne",9.60943997843802,7.11904507811833,39
"Wayne",9.60944628338707,7.17732434047639,40
"Wayne",9.6094503920564,7.149065141296,41
"Wayne",9.60945345628149,7.17849824980791,42
"Wayne",9.60945565918913,7.22716212755059,43
"Wayne",9.60945710123091,7.12197985144711,44
"Wayne",9.60945817531362,6.82448988303594,45
"Wayne",9.6094589451042,6.41161529924016,46
"Wayne",9.60945945120207,5.96027917698284,47
"Wayne",9.60945982765322,5.45125074703321,48
"Wayne",9.60946009668787,4.88453000939127,49
"Wayne",9.60946027429903,4.49088619482626,50
"Wayne",9.60946040622709,4.22224238026125,51
"Wayne",9.60946050026454,4.03052164261931,52
"Wayne",9.60946056259271,3.91572398190045,53
"Wayne",9.60946060882302,3.81054170579698,54
"Wayne",9.6094606416967,3.77266712200119,55
"Wayne",9.60946066356808,3.82133099974387,56
"Wayne",9.60946067976681,4.89884103133271,57
"Wayne",9.6094606912602,4.97635106292154,58
"Wayne",9.60946069893462,4.05386109451037,59
"Wayne",9.6094607046101,4.1313711260992,60
"Wayne",9.60946070862892,4.20888115768804,61
"Westchester",-0.000205245515672691,0.00915279866551799,1
"Westchester",-0.00023250139837982,1.18176713579258,2
"Westchester",-0.000239466679874804,0.585150703688868,3
"Westchester",-0.000241246667953916,1.00776504081592,4
"Westchester",-0.000241701546563498,2.24768707025067,5
"Westchester",-0.000241817791470912,7.48760909968543,6
"Westchester",-0.000241847498030453,8.73714651373556,7
"Westchester",-0.00024185508958607,11.9866839277857,8
"Westchester",-0.000241857029619436,16.2362213418358,9
"Westchester",-0.000241857525397857,52.485758755886,10
"Westchester",-0.000241857652094772,52.7352961699361,11
"Westchester",-0.000241857684472358,68.9848335839862,12
"Westchester",-0.000241857692746498,120.234370998036,13
"Westchester",-0.000241857694860967,90.4839084120865,14
"Westchester",-0.000241857695401323,100.733445826137,15
"Westchester",-0.000241857695539412,92.9829832401868,16
"Westchester",-0.0002418576955747,95.2325206542369,17
"Westchester",-0.000241857695583718,82.482058068287,18
"Westchester",-0.000241857695586023,94.7315954823372,19
"Westchester",-0.000241857695586612,97.9811328963873,20
"Westchester",-0.000241857695586763,91.2306703104374,21
"Westchester",-0.000241857695586801,54.4802077244876,22
"Westchester",-0.000241857695586811,31.7297451385377,23
"Westchester",-0.000241857695586813,35.9792825525879,24
"Westchester",-0.000241857695586814,30.228819966638,25
"Westchester",-0.000241857695586814,8.50720353453427,26
"Westchester",-0.000241857695586814,7.87212556396902,27
"Westchester",-0.000241857695586814,14.3908937472499,28
"Westchester",-0.000241857695586814,30.5538926997616,29
"Westchester",-0.000241857695586814,11.3034301138117,30
"Westchester",-0.000241857695586814,14.2645059894003,31
"Westchester",-0.000241857695586814,18.3313510957582,32
"Westchester",-0.000241857695586814,21.9174269713468,33
"Westchester",-0.000241857695586814,24.3015797700123,34
"Westchester",-0.000241857695586814,25.6953479532932,35
"Westchester",-0.000241857695586814,26.3679622904202,36
"Westchester",-0.000241857695586814,26.4155766275473,37
"Westchester",-0.000241857695586814,26.0689601954436,38
"Westchester",-0.000241857695586814,25.001189917186,39
"Westchester",-0.000241857695586814,23.6930350235439,40
"Westchester",-0.000241857695586814,22.5002647452863,41
"Westchester",-0.000241857695586814,21.240186774721,42
"Westchester",-0.000241857695586814,20.0185703426173,43
"Westchester",-0.000241857695586814,18.8546462182059,44
"Westchester",-0.000241857695586814,17.6137990168715,45
"Westchester",-0.000241857695586814,16.1517979693831,46
"Westchester",-0.000241857695586814,14.7571046142025,47
"Westchester",-0.000241857695586814,13.8239497205603,48
"Westchester",-0.000241857695586814,13.4100255961489,49
"Westchester",-0.000241857695586814,13.2268707025067,50
"Westchester",-0.000241857695586814,13.0917927319415,51
"Westchester",-0.000241857695586814,12.975945530607,52
"Westchester",-0.000241857695586814,12.9850983292725,53
"Westchester",-0.000241857695586814,14.1577126663996,54
"Westchester",-0.000241857695586814,13.5610962342959,55
"Westchester",-0.000241857695586814,13.9837105714229,56
"Westchester",-0.000241857695586814,15.2236326008577,57
"Westchester",-0.000241857695586814,20.4635546302924,58
"Westchester",-0.000241857695586814,21.7130920443426,59
"Westchester",-0.000241857695586814,24.9626294583927,60
"Westchester",-0.000241857695586814,29.2121668724428,61
"Wyoming",0,-0.0318774328782742,1
"Wyoming",0,-0.057958097636846,2
"Wyoming",0,-0.0693795424336447,3
"Wyoming",0,-0.0698943915174807,4
"Wyoming",0,0.145532722948086,5
"Wyoming",0,-0.134098985554692,6
"Wyoming",0,-0.0402526496831498,7
"Wyoming",0,0.0550503797005565,8
"Wyoming",0,0.222982549856177,9
"Wyoming",0,0.281611426462955,10
"Wyoming",0,0.989003291040972,11
"Wyoming",0,1.22674833669241,12
"Wyoming",0,1.18471371248886,13
"Wyoming",0,-0.263476091340205,14
"Wyoming",0,-0.518516172828822,15
"Wyoming",0,0.287214836579244,16
"Wyoming",0,1.44920477029232,17
"Wyoming",0,1.77646290953819,18
"Wyoming",0,3.72953813354029,19
"Wyoming",0,5.60124372737202,20
"Wyoming",0,-0.293879667849821,21
"Wyoming",0,-0.176436264480004,22
"Wyoming",0,4.54570350030713,23
"Wyoming",0,3.81706089612745,24
"Wyoming",0,1.55457275317295,25
"Wyoming",0,1.59808938236189,26
"Wyoming",0,-0.83747485554181,27
"Wyoming",0,-0.668502316981493,28
"Wyoming",0,-1.18856144016263,29
"Wyoming",0,-0.170268503713659,30
"Wyoming",0,-0.272560491863052,31
"Wyoming",0,0.551324739467541,32
"Wyoming",0,0.320304489604275,33
"Wyoming",0,0.338656091784684,34
"Wyoming",0,0.56015672523046,35
"Wyoming",0,0.649263802491052,36
"Wyoming",0,0.686421446282522,37
"Wyoming",0,0.705107124710309,38
"Wyoming",0,0.716482460658001,39
"Wyoming",0,0.72506561630895,40
"Wyoming",0,0.729197709265354,41
"Wyoming",0,0.729719942123842,42
"Wyoming",0,0.7283898020688,43
"Wyoming",0,0.719337463537619,44
"Wyoming",0,0.696404985387253,45
"Wyoming",0,0.663212106394119,46
"Wyoming",0,0.625050222143878,47
"Wyoming",0,0.58152235346713,48
"Wyoming",0,0.516580029061633,49
"Wyoming",0,0.443586492509601,50
"Wyoming",0,0.395450164314664,51
"Wyoming",0,0.376590113549048,52
"Wyoming",0,0.344712680670774,53
"Wyoming",0,0.318632015912202,54
"Wyoming",0,0.307210571115403,55
"Wyoming",0,0.306695722031567,56
"Wyoming",0,0.522122836497134,57
"Wyoming",0,0.242491127994356,58
"Wyoming",0,0.336337463865898,59
"Wyoming",0,0.431640493249605,60
"Wyoming",0,0.599572663405226,61
"Yates",2.32438889380776e-12,-0.00352414097076503,1
"Yates",-4.43975658842552e-05,0.988499842899885,2
"Yates",-0.000543881601426607,-0.0194761732294651,3
"Yates",-1.1163466909778e-09,-0.0178368047434305,4
"Yates",-0.000547503859655871,-0.0161974362573959,5
"Yates",-4.77106073724053e-10,-0.0145580677713614,6
"Yates",-2.95802440233086e-07,-0.0129186992853268,7
"Yates",-1.18337654425419e-06,-0.0112793307992922,8
"Yates",-4.55786542794049e-05,-0.00963996231325759,9
"Yates",-0.00670914824707796,-0.00800059382722301,10
"Yates",-0.0817182246169539,-0.00636122534118844,11
"Yates",-0.00702982514676721,-0.00472185685515381,12
"Yates",-0.327089921713234,0.996917511630881,13
"Yates",-0.660321537635675,-0.00144311988308465,14
"Yates",-0.715127734547617,0.000196248602949922,15
"Yates",-1.43774784152305,0.0018356170889845,16
"Yates",-1.45496458425096,0.00347498557501913,17
"Yates",-2.73490294270541,0.00511435406105371,18
"Yates",-2.89890541360354,4.00675372254709,19
"Yates",-1.68060220657976,3.00839309103312,20
"Yates",-1.66668098845969,1.01003245951916,21
"Yates",-0.776027249438705,0.0116718280051921,22
"Yates",-0.759072666853053,2.01331119649123,23
"Yates",-0.49433541808376,1.01495056497726,24
"Yates",-0.111309147753771,2.0165899334633,25
"Yates",-0.355236069114859,-0.327924544204516,26
"Yates",-0.455382874059199,-0.326285175718481,27
"Yates",-0.44652272542195,-0.315030422617062,28
"Yates",-0.520858654122644,-0.169160284900258,29
"Yates",-0.253719698004033,0.0344021605088533,30
"Yates",-0.340921984880175,0.141810759764119,31
"Yates",-0.170505387716661,0.210757820557846,32
"Yates",2.32444619108207e-12,0.241243342890034,33
"Yates",2.32444619108016e-12,0.252498095991453,34
"Yates",2.32444532371872e-12,0.273368233708257,35
"Yates",2.32444521529846e-12,0.284622986809676,36
"Yates",2.32444520174594e-12,0.295877739911096,37
"Yates",2.3244451983578e-12,0.307132493012515,38
"Yates",2.3244451983578e-12,0.299156476883165,39
"Yates",2.3244451983578e-12,0.300795845369199,40
"Yates",2.32444519834457e-12,0.312050598470618,41
"Yates",2.32444519834291e-12,0.313689966956653,42
"Yates",2.3244451983425e-12,0.315329335442688,43
"Yates",2.32444519834245e-12,0.316968703928722,44
"Yates",2.32444519834245e-12,0.280146533953218,45
"Yates",2.32444519834245e-12,0.214478210131561,46
"Yates",2.32444519834246e-12,0.177656040156057,47
"Yates",2.32444519834248e-12,0.169680024026707,48
"Yates",2.32444519834264e-12,0.152088623281972,49
"Yates",2.32444519834366e-12,0.124881837921853,50
"Yates",2.3244453880687e-12,0.0976750525617336,51
"Yates",3.53374982367774e-12,0.0800836518169989,52
"Yates",3.3440167746029e-12,0.0817230203030335,53
"Yates",3.3440167746029e-12,1.07374700417368,54
"Yates",3.3440167746029e-12,0.0657709880443335,55
"Yates",3.3440167746029e-12,0.067410356530368,56
"Yates",3.3440167746029e-12,0.0690497250164026,57
"Yates",3.3440167746029e-12,0.0706890935024372,58
"Yates",3.3440167746029e-12,0.0723284619884718,59
"Yates",3.3440167746029e-12,0.0739678304745064,60
"Yates",3.3440167746029e-12,0.075607198960541,61
